dip,Género,Provincia,Ciudad,Colegio,Administración del Colegio,Edad,Provincia_LE,Ciudad_LE,Género_FEMENINO,Género_MASCULINO,Género_NO RESPONDE,Administración del Colegio_CEMA,Administración del Colegio_CONVENIO,Administración del Colegio_FISCAL,Administración del Colegio_OTRO,Administración del Colegio_PRIVADA,Edad_std
260910,MASCULINO,MURILLO,LA PAZ,SAN CALIXTO,FISCAL,16,32,44,0,1,0,0,0,1,0,0,-2.664500098737386
487541,MASCULINO,MURILLO,LA PAZ,COL.NAL.TEC.HUM. FRANZ TAMAYO NAAAAAAAAO3,FISCAL,31,32,44,0,1,0,0,0,1,0,0,-0.6095545560455734
748784,MASCULINO,MURILLO,LA PAZ,DIVINO MAESTRO,PRIVADA,33,32,44,0,1,0,0,0,0,0,1,-0.3355618170199984
1763419,MASCULINO,MURILLO,LA PAZ,CIE 12 DE OCTUBRE,FISCAL,51,32,44,0,1,0,0,0,1,0,0,2.130372834210177
2140504,MASCULINO,MURILLO,LA PAZ,SAN CALIXTO,FISCAL,16,32,44,0,1,0,0,0,1,0,0,-2.664500098737386
2143386,MASCULINO,MURILLO,LA PAZ,HARRY PITTMAN,PRIVADA,52,32,44,0,1,0,0,0,0,0,1,2.2673692037229642
2152072,MASCULINO,MURILLO,LA PAZ,JUAN CAPRILES,FISCAL,52,32,44,0,1,0,0,0,1,0,0,2.2673692037229642
2283378,MASCULINO,FRIAS,POTOSI,DON BOSCO,CONVENIO,52,18,54,0,1,0,0,1,0,0,0,2.2673692037229642
2315516,MASCULINO,MURILLO,LA PAZ,SAN CALIXTO,FISCAL,26,32,44,0,1,0,0,0,1,0,0,-1.294536403609511
2318517,MASCULINO,MURILLO,LA PAZ,LIBERTADORES DE AMERICA,FISCAL,52,32,44,0,1,0,0,0,1,0,0,2.2673692037229642
2379805,NO RESPONDE,MURILLO,LA PAZ,SAN CALIXTO,FISCAL,52,32,44,0,0,1,0,0,1,0,0,2.2673692037229642
2446562,MASCULINO,MURILLO,LA PAZ,SAN CALIXTO,FISCAL,16,32,44,0,1,0,0,0,1,0,0,-2.664500098737386
2539628,MASCULINO,MURILLO,LA PAZ,AMERICAN SCHOOL,PRIVADA,51,32,44,0,1,0,0,0,0,0,1,2.130372834210177
2588443,FEMENINO,MURILLO,LA PAZ,CEMA MAX PAREDES,CEMA,52,32,44,1,0,0,1,0,0,0,0,2.2673692037229642
2616468,MASCULINO,MURILLO,LA PAZ,SAN CALIXTO,FISCAL,16,32,44,0,1,0,0,0,1,0,0,-2.664500098737386
2621074,MASCULINO,MURILLO,LA PAZ,SAN CALIXTO,FISCAL,16,32,44,0,1,0,0,0,1,0,0,-2.664500098737386
2642306,MASCULINO,MURILLO,LA PAZ,SAN FRANCISCO,PRIVADA,52,32,44,0,1,0,0,0,0,0,1,2.2673692037229642
2643974,FEMENINO,MURILLO,LA PAZ,LOS PINOS,PRIVADA,44,32,44,1,0,0,0,0,0,0,1,1.1713982476206644
2703717,MASCULINO,MURILLO,LA PAZ,DR.MARTIN CARDENAS,PRIVADA,44,32,44,0,1,0,0,0,0,0,1,1.1713982476206644
2709078,MASCULINO,MURILLO,LA PAZ,SAN CALIXTO,FISCAL,16,32,44,0,1,0,0,0,1,0,0,-2.664500098737386
3322471,FEMENINO,MURILLO,LA PAZ,FRANCO BOLIVIANO,PRIVADA,43,32,44,1,0,0,0,0,0,0,1,1.0344018781078768
3324122,FEMENINO,MURILLO,LA PAZ,TEC. MIXTO FABRIL 18 DE MAYO FE Y ALEGRIA,FISCAL,45,32,44,1,0,0,0,0,1,0,0,1.3083946171334517
3327350,MASCULINO,MURILLO,EL ALTO,ABRAHAM REYES,FISCAL,51,32,32,0,1,0,0,0,1,0,0,2.130372834210177
3359358,MASCULINO,MURILLO,LA PAZ,ANGLO AMERICANO,PRIVADA,51,32,44,0,1,0,0,0,0,0,1,2.130372834210177
3370951,NO RESPONDE,MURILLO,LA PAZ,SAN CALIXTO,FISCAL,52,32,44,0,0,1,0,0,1,0,0,2.2673692037229642
3373118,MASCULINO,NOR YUNGAS,COROICO,SAN ANTONIO DE PADUA,PRIVADA,52,34,29,0,1,0,0,0,0,0,1,2.2673692037229642
3392540,MASCULINO,MURILLO,LA PAZ,OTRO,PRIVADA,52,32,44,0,1,0,0,0,0,0,1,2.2673692037229642
3422544,FEMENINO,MURILLO,LA PAZ,LOS PINOS,PRIVADA,52,32,44,1,0,0,0,0,0,0,1,2.2673692037229642
3436597,MASCULINO,MURILLO,LA PAZ,CEA DANIEL SANCHEZ BUSTAMANTE,FISCAL,52,32,44,0,1,0,0,0,1,0,0,2.2673692037229642
3438346,MASCULINO,SUD YUNGAS,LA CHOJLLA,GUALBERTO VILLARROEL,FISCAL,52,47,42,0,1,0,0,0,1,0,0,2.2673692037229642
3438429,FEMENINO,MURILLO,LA PAZ,NACIONAL FLORIDA,FISCAL,41,32,44,1,0,0,0,0,1,0,0,0.7604091390823018
3445570,MASCULINO,MURILLO,LA PAZ,SAGRADO CORAZON DE JESUS,PRIVADA,41,32,44,0,1,0,0,0,0,0,1,0.7604091390823018
3445878,FEMENINO,MURILLO,LA PAZ,INSTITUTO AMERICANO,PRIVADA,38,32,44,1,0,0,0,0,0,0,1,0.3494200305439392
3446133,MASCULINO,MURILLO,LA PAZ,MONTSERRAT,PRIVADA,38,32,44,0,1,0,0,0,0,0,1,0.3494200305439392
3448984,FEMENINO,A. IBANEZ,SANTA CRUZ,MONTESSORI,PRIVADA,43,0,68,1,0,0,0,0,0,0,1,1.0344018781078768
3459301,MASCULINO,MURILLO,LA PAZ,COLEGIO SANCHEZ BUSTAMANTE,CEMA,52,32,44,0,1,0,1,0,0,0,0,2.2673692037229642
3460083,FEMENINO,MURILLO,LA PAZ,SAN SIMON DE AYACUCHO,FISCAL,45,32,44,1,0,0,0,0,1,0,0,1.3083946171334517
3460531,FEMENINO,MURILLO,LA PAZ,LICEO LA PAZ,FISCAL,47,32,44,1,0,0,0,0,1,0,0,1.582387356159027
3460619,MASCULINO,MURILLO,LA PAZ,SAN ANTONIO DE PADUA,PRIVADA,42,32,44,0,1,0,0,0,0,0,1,0.8974055085950893
3461821,MASCULINO,MURILLO,LA PAZ,ELISA DE BALLIVIAN,FISCAL,36,32,44,0,1,0,0,0,1,0,0,0.07542729151836416
3469999,MASCULINO,MURILLO,LA PAZ,CEFI,PRIVADA,36,32,44,0,1,0,0,0,0,0,1,0.07542729151836416
3470328,MASCULINO,MURILLO,LA PAZ,COLEGIO PARTICULAR PUERTO DE MEJILLONES,PRIVADA,40,32,44,0,1,0,0,0,0,0,1,0.6234127695695142
3478886,MASCULINO,MURILLO,LA PAZ,COLEGIO INTERNACIONAL DEL SUR,PRIVADA,44,32,44,0,1,0,0,0,0,0,1,1.1713982476206644
3487187,MASCULINO,MURILLO,LA PAZ,COLORADOS DE BOLIVIA,FISCAL,52,32,44,0,1,0,0,0,1,0,0,2.2673692037229642
3487672,MASCULINO,MURILLO,LA PAZ,PANTALEON DALENCE,PRIVADA,44,32,44,0,1,0,0,0,0,0,1,1.1713982476206644
3489994,MASCULINO,MURILLO,LA PAZ,INSTITUTO DOMINGO SAVIO,PRIVADA,35,32,44,0,1,0,0,0,0,0,1,-0.06156907799442335
3491929,MASCULINO,MURILLO,LA PAZ,SAN SIMON DE AYACUCHO,FISCAL,47,32,44,0,1,0,0,0,1,0,0,1.582387356159027
3492883,FEMENINO,FRANZ TAMAYO,APOLO,INSTITUTO BANCARIO,PRIVADA,45,17,6,1,0,0,0,0,0,0,1,1.3083946171334517
3551980,MASCULINO,OTRO,ORURO,INSTITUTO AMERICANO,CONVENIO,31,38,50,0,1,0,0,1,0,0,0,-0.6095545560455734
3979104,MASCULINO,TOMAS FRIAS,POTOSI,DESCONOCIDO,PRIVADA,35,48,54,0,1,0,0,0,0,0,1,-0.06156907799442335
3999799,MASCULINO,SUD CHICHAS,TUPIZA,COLEGIO ACIONAL MIXTO SUIPACHA,FISCAL,35,46,76,0,1,0,0,0,1,0,0,-0.06156907799442335
4013771,MASCULINO,SUD CHICAS,TUPIZA,NACIONAL MIXTO SUIPACHA,FISCAL,46,45,76,0,1,0,0,0,1,0,0,1.4453909866462393
4032727,FEMENINO,OTRO,ORURO,JUANA AZURDUY DE PADILLA,FISCAL,43,38,50,1,0,0,0,0,1,0,0,1.0344018781078768
4033708,NO RESPONDE,MURILLO,LA PAZ,SAN CALIXTO,FISCAL,52,32,44,0,0,1,0,0,1,0,0,2.2673692037229642
4034015,FEMENINO,MURILLO,LA PAZ,INSTITUTO AMERICANO,PRIVADA,29,32,44,1,0,0,0,0,0,0,1,-0.8835472950711485
4037341,FEMENINO,MURILLO,LA PAZ,INSTITUTO AMERICANO,PRIVADA,34,32,44,1,0,0,0,0,0,0,1,-0.19856544750721086
4041686,MASCULINO,QUIJARRO,KILPANI,MONS SEAAOR RICARDO BENI MORO,FISCAL,44,41,41,0,1,0,0,0,1,0,0,1.1713982476206644
4047787,MASCULINO,AROMA,LA PAZ,REEKIE,PRIVADA,31,6,44,0,1,0,0,0,0,0,1,-0.6095545560455734
4049388,FEMENINO,PANTALEON DALENCE,ORURO,MIXTO BOLIVIA,FISCAL,32,40,50,1,0,0,0,0,1,0,0,-0.4725581865327859
4055780,FEMENINO,OTRO,ORURO,AVE MARIA,PRIVADA,33,38,50,1,0,0,0,0,0,0,1,-0.3355618170199984
4063287,FEMENINO,OTRO,ORURO,VIRGEN DE COPACABANA,PRIVADA,28,38,50,1,0,0,0,0,0,0,1,-1.0205436645839359
4070295,MASCULINO,SAJAMA,CANTON COSAPA,"PEDRO DOMINGO MURILLO ""A""",FISCAL,34,44,11,0,1,0,0,0,1,0,0,-0.19856544750721086
4110555,FEMENINO,OROPEZA,CHUQUISACA,LA SALLE,PRIVADA,32,36,22,1,0,0,0,0,0,0,1,-0.4725581865327859
4114928,FEMENINO,MURILLO,LA PAZ,SAN CALIXTO,PRIVADA,30,32,44,1,0,0,0,0,0,0,1,-0.7465509255583609
4148950,MASCULINO,OTRO,TARIJA,SAN GERONIMO,CEMA,36,38,73,0,1,0,1,0,0,0,0,0.07542729151836416
4186949,MASCULINO,MURILLO,LA PAZ,ROBERTO FRANSEN,PRIVADA,29,32,44,0,1,0,0,0,0,0,1,-0.8835472950711485
4197244,MASCULINO,OTRO,OTRO,CIRO M. APARICIO,FISCAL,37,38,51,0,1,0,0,0,1,0,0,0.21242366103115168
4201314,MASCULINO,MURILLO,EL ALTO,COL. NAL. MIXTO PUERTO DE MEJILLONES,FISCAL,40,32,32,0,1,0,0,0,1,0,0,0.6234127695695142
4219575,MASCULINO,MURILLO,LA PAZ,DEL SUR,PRIVADA,32,32,44,0,1,0,0,0,0,0,1,-0.4725581865327859
4243837,MASCULINO,TOMAS FRIAS,POTOSI,BOLIVIAN CATHOLIC,PRIVADA,52,48,54,0,1,0,0,0,0,0,1,2.2673692037229642
4246438,MASCULINO,MURILLO,EL ALTO,TEC. HUM. MARISCAL JOSE BALLIVIAN,FISCAL,52,32,32,0,1,0,0,0,1,0,0,2.2673692037229642
4249491,MASCULINO,MURILLO,LA PAZ,PUERTO DE MEJILLONES,FISCAL,39,32,44,0,1,0,0,0,1,0,0,0.4864164000567267
4252655,MASCULINO,LOS ANDES,LA PAZ,DESCONOCIDO,FISCAL,52,28,44,0,1,0,0,0,1,0,0,2.2673692037229642
4255313,MASCULINO,MURILLO,EL ALTO,ROTARY CHUQUIAGO MARKA,FISCAL,33,32,32,0,1,0,0,0,1,0,0,-0.3355618170199984
4256326,MASCULINO,PACAJES,LA PAZ,CENTRO INTEGRALL SUPERIOR BOLIVINO ALEMAN,PRIVADA,27,39,44,0,1,0,0,0,0,0,1,-1.1575400340967235
4262374,MASCULINO,MURILLO,LA PAZ,FELIPE SEGUNDO GUZMAN,FISCAL,36,32,44,0,1,0,0,0,1,0,0,0.07542729151836416
4262698,MASCULINO,MURILLO,LA PAZ,LORETTO,PRIVADA,37,32,44,0,1,0,0,0,0,0,1,0.21242366103115168
4266808,MASCULINO,MURILLO,LA PAZ,UNIDAD EDUCATIVA REPUBLICA DE FRANCIA,FISCAL,39,32,44,0,1,0,0,0,1,0,0,0.4864164000567267
4269638,MASCULINO,MURILLO,LA PAZ,DON BOSCO,PRIVADA,35,32,44,0,1,0,0,0,0,0,1,-0.06156907799442335
4272663,MASCULINO,MURILLO,LA PAZ,DOMINGO FAUSTINO SARMIENTO,FISCAL,37,32,44,0,1,0,0,0,1,0,0,0.21242366103115168
4273105,MASCULINO,MURILLO,LA PAZ,AMOR DE DIOS,PRIVADA,44,32,44,0,1,0,0,0,0,0,1,1.1713982476206644
4276965,FEMENINO,MURILLO,LA PAZ,JOSE LUIS SUAREZ GUZMAN,FISCAL,40,32,44,1,0,0,0,0,1,0,0,0.6234127695695142
4278095,MASCULINO,MURILLO,LA PAZ,VIDA NUEVA,CONVENIO,36,32,44,0,1,0,0,1,0,0,0,0.07542729151836416
4278207,MASCULINO,MURILLO,LA PAZ,BOLIVIANO NORUEGO,PRIVADA,41,32,44,0,1,0,0,0,0,0,1,0.7604091390823018
4278646,FEMENINO,MURILLO,LA PAZ,SAN CALIXTO,FISCAL,36,32,44,1,0,0,0,0,1,0,0,0.07542729151836416
4279717,MASCULINO,MURILLO,LA PAZ,INSTITUTO AMERICANO,PRIVADA,36,32,44,0,1,0,0,0,0,0,1,0.07542729151836416
4279981,FEMENINO,MURILLO,LA PAZ,IRENE NAVA DE CASTILLO,FISCAL,52,32,44,1,0,0,0,0,1,0,0,2.2673692037229642
4280693,MASCULINO,MURILLO,LA PAZ,INSTITUTO MADERO,PRIVADA,39,32,44,0,1,0,0,0,0,0,1,0.4864164000567267
4282152,NO RESPONDE,MURILLO,LA PAZ,SAN CALIXTO,FISCAL,16,32,44,0,0,1,0,0,1,0,0,-2.664500098737386
4287572,FEMENINO,MURILLO,LA PAZ,SAN CALIXTO,PRIVADA,35,32,44,1,0,0,0,0,0,0,1,-0.06156907799442335
4288844,MASCULINO,ANDRES IBAAAEZ,SANTA CRUZ,COL- EVANGALICO ISAAC,PRIVADA,36,1,68,0,1,0,0,0,0,0,1,0.07542729151836416
4294109,MASCULINO,MURILLO,LA PAZ,FELIPE SEGUNDO GUZMAN,FISCAL,50,32,44,0,1,0,0,0,1,0,0,1.9933764646973895
4295732,FEMENINO,MURILLO,LA PAZ,CRISTO REY,PRIVADA,34,32,44,1,0,0,0,0,0,0,1,-0.19856544750721086
4296033,MASCULINO,MURILLO,LA PAZ,HERNANDO SILES REYES,FISCAL,48,32,44,0,1,0,0,0,1,0,0,1.7193837256718143
4297477,MASCULINO,MURILLO,LA PAZ,AVE MARIA,PRIVADA,34,32,44,0,1,0,0,0,0,0,1,-0.19856544750721086
4297750,MASCULINO,GERMAN BUSCH,PUERTO SUAREZ,DESCONOCIDO,FISCAL,36,19,57,0,1,0,0,0,1,0,0,0.07542729151836416
4299485,FEMENINO,MURILLO,LA PAZ,BOLIVIANO JAPONES,PRIVADA,34,32,44,1,0,0,0,0,0,0,1,-0.19856544750721086
4300360,MASCULINO,MURILLO,LA PAZ,SAN JOSE,PRIVADA,34,32,44,0,1,0,0,0,0,0,1,-0.19856544750721086
4303043,MASCULINO,MURILLO,LA PAZ,CENTRO PEDAGOGICO AMAUTA,PRIVADA,36,32,44,0,1,0,0,0,0,0,1,0.07542729151836416
4303372,NO RESPONDE,MURILLO,LA PAZ,GERMAN BUSCH,FISCAL,16,32,44,0,0,1,0,0,1,0,0,-2.664500098737386
4304410,MASCULINO,MURILLO,LA PAZ,SAN ANDRES,CONVENIO,37,32,44,0,1,0,0,1,0,0,0,0.21242366103115168
4304918,MASCULINO,MURILLO,LA PAZ,DON BOSCO,PRIVADA,38,32,44,0,1,0,0,0,0,0,1,0.3494200305439392
4309342,MASCULINO,MURILLO,LA PAZ,CEA FELIX EGUINO ZEBALLOS,FISCAL,35,32,44,0,1,0,0,0,1,0,0,-0.06156907799442335
4309394,MASCULINO,MURILLO,LA PAZ,SAN CALIXTO,PRIVADA,37,32,44,0,1,0,0,0,0,0,1,0.21242366103115168
4310222,FEMENINO,MURILLO,LA PAZ,SAN CALIXTO,FISCAL,52,32,44,1,0,0,0,0,1,0,0,2.2673692037229642
4310464,MASCULINO,MURILLO,LA PAZ,SIMON RODRIGUEZ CARREAAO,FISCAL,36,32,44,0,1,0,0,0,1,0,0,0.07542729151836416
4310478,MASCULINO,MURILLO,LA PAZ,NOJUAN CRISOFTOMO LA LINUR,FISCAL,34,32,44,0,1,0,0,0,1,0,0,-0.19856544750721086
4310632,NO RESPONDE,MURILLO,LA PAZ,COLEGIO MAYOR DE SAN GENARO,PRIVADA,34,32,44,0,0,1,0,0,0,0,1,-0.19856544750721086
4311398,MASCULINO,MURILLO,LA PAZ,INSTITUTO AMERICANO,PRIVADA,34,32,44,0,1,0,0,0,0,0,1,-0.19856544750721086
4311411,MASCULINO,MURILLO,LA PAZ,COLEGIO CRISTIANO,CONVENIO,35,32,44,0,1,0,0,1,0,0,0,-0.06156907799442335
4311580,MASCULINO,MURILLO,LA PAZ,SAN CALIXTO,FISCAL,52,32,44,0,1,0,0,0,1,0,0,2.2673692037229642
4312650,MASCULINO,MURILLO,LA PAZ,BOLIVIA CUATRO,FISCAL,34,32,44,0,1,0,0,0,1,0,0,-0.19856544750721086
4313090,MASCULINO,MURILLO,LA PAZ,C.E.A. SAGRADOS CORAZONES,CEMA,48,32,44,0,1,0,1,0,0,0,0,1.7193837256718143
4313329,NO RESPONDE,OTRO,OTRO,AVE MARIA,PRIVADA,36,38,51,0,0,1,0,0,0,0,1,0.07542729151836416
4314234,MASCULINO,MURILLO,LA PAZ,BOLIVIANO HONADES,PRIVADA,34,32,44,0,1,0,0,0,0,0,1,-0.19856544750721086
4314235,FEMENINO,MURILLO,LA PAZ,MARIA IMACULADA,CONVENIO,33,32,44,1,0,0,0,1,0,0,0,-0.3355618170199984
4317086,MASCULINO,MURILLO,LA PAZ,SAN CALIXTO,FISCAL,42,32,44,0,1,0,0,0,1,0,0,0.8974055085950893
4317187,MASCULINO,MURILLO,LA PAZ,AMERINST,PRIVADA,33,32,44,0,1,0,0,0,0,0,1,-0.3355618170199984
4317589,MASCULINO,MURILLO,LA PAZ,COL. NAL. MIXTO ANDRES BELLO,FISCAL,35,32,44,0,1,0,0,0,1,0,0,-0.06156907799442335
4317709,FEMENINO,OMASUYOS,LA PAZ,SAN JOSE FE Y ALEGRIA,FISCAL,52,35,44,1,0,0,0,0,1,0,0,2.2673692037229642
4319238,MASCULINO,MURILLO,EL ALTO,COLEGIO ADVENTISTA FRANZ TAMAYO,PRIVADA,34,32,32,0,1,0,0,0,0,0,1,-0.19856544750721086
4320713,MASCULINO,MURILLO,LA PAZ,DON BOSCO,FISCAL,36,32,44,0,1,0,0,0,1,0,0,0.07542729151836416
4321286,FEMENINO,MURILLO,LA PAZ,LICEO LA PAZ,FISCAL,33,32,44,1,0,0,0,0,1,0,0,-0.3355618170199984
4321585,MASCULINO,MURILLO,LA PAZ,ESCUELA INDUSTRIAL SUPERIOR PEDRO DOMINGO MURILLO,FISCAL,35,32,44,0,1,0,0,0,1,0,0,-0.06156907799442335
4322570,MASCULINO,MURILLO,LA PAZ,SAN CALIXTO,FISCAL,34,32,44,0,1,0,0,0,1,0,0,-0.19856544750721086
4323375,FEMENINO,MURILLO,LA PAZ,SAGRADOS CORAZONES,CONVENIO,35,32,44,1,0,0,0,1,0,0,0,-0.06156907799442335
4329176,MASCULINO,MURILLO,LA PAZ,LA SALLE,CONVENIO,37,32,44,0,1,0,0,1,0,0,0,0.21242366103115168
4329550,MASCULINO,MURILLO,LA PAZ,SANTA ANA,PRIVADA,38,32,44,0,1,0,0,0,0,0,1,0.3494200305439392
4331401,FEMENINO,MURILLO,LA PAZ,LICEO LA PAZ,FISCAL,33,32,44,1,0,0,0,0,1,0,0,-0.3355618170199984
4333012,MASCULINO,MURILLO,LA PAZ,SAGRADOS CORAZONES,PRIVADA,45,32,44,0,1,0,0,0,0,0,1,1.3083946171334517
4335667,MASCULINO,MURILLO,LA PAZ,AMERICAN SCHOOL,PRIVADA,50,32,44,0,1,0,0,0,0,0,1,1.9933764646973895
4336090,MASCULINO,MURILLO,LA PAZ,MARIEN GARTEN,CONVENIO,52,32,44,0,1,0,0,1,0,0,0,2.2673692037229642
4336929,MASCULINO,MURILLO,LA PAZ,AVE MARIA,PRIVADA,33,32,44,0,1,0,0,0,0,0,1,-0.3355618170199984
4337347,FEMENINO,MURILLO,LA PAZ,SAN CALIXTO,FISCAL,52,32,44,1,0,0,0,0,1,0,0,2.2673692037229642
4337546,MASCULINO,MURILLO,LA PAZ,E. LINDEMANN,FISCAL,16,32,44,0,1,0,0,0,1,0,0,-2.664500098737386
4338827,MASCULINO,MURILLO,LA PAZ,"""LUIS ERNST""",CONVENIO,32,32,44,0,1,0,0,1,0,0,0,-0.4725581865327859
4339547,FEMENINO,MURILLO,LA PAZ,JESUS OBRERO,FISCAL,33,32,44,1,0,0,0,0,1,0,0,-0.3355618170199984
4339746,MASCULINO,MURILLO,LA PAZ,C. GUATEMALA,CEMA,50,32,44,0,1,0,1,0,0,0,0,1.9933764646973895
4360351,FEMENINO,MURILLO,LA PAZ,SAN CALIXTO,FISCAL,52,32,44,1,0,0,0,0,1,0,0,2.2673692037229642
4361475,FEMENINO,MURILLO,EL ALTO,UNIDAD EDUCATIVA ANDRES BELLO,FISCAL,33,32,32,1,0,0,0,0,1,0,0,-0.3355618170199984
4367684,MASCULINO,MURILLO,LA PAZ,SAN JOSE FE Y ALEGRIA,FISCAL,34,32,44,0,1,0,0,0,1,0,0,-0.19856544750721086
4367694,FEMENINO,MURILLO,LA PAZ,PUERTO DE MEJILLONES,FISCAL,50,32,44,1,0,0,0,0,1,0,0,1.9933764646973895
4371489,MASCULINO,MURILLO,EL ALTO,NAZARENO BASIL MILLER,PRIVADA,45,32,32,0,1,0,0,0,0,0,1,1.3083946171334517
4378498,FEMENINO,MURILLO,LA PAZ,U.E. BETANIA HIGH SCHOOL,PRIVADA,31,32,44,1,0,0,0,0,0,0,1,-0.6095545560455734
4378640,MASCULINO,MURILLO,LA PAZ,SAN FRANCISCO DE LA T.O.F,PRIVADA,48,32,44,0,1,0,0,0,0,0,1,1.7193837256718143
4378774,FEMENINO,LOAYZA,CALA CALA,ANDRES BELLO,FISCAL,49,27,9,1,0,0,0,0,1,0,0,1.856380095184602
4539702,FEMENINO,OTRO,CERCADO,SAN AGUSTIN,PRIVADA,35,38,16,1,0,0,0,0,0,0,1,-0.06156907799442335
4719470,FEMENINO,TOMAS FRIAS,POTOSI,DR.MARTIN CARDENAS,PRIVADA,33,48,54,1,0,0,0,0,0,0,1,-0.3355618170199984
4740222,FEMENINO,MURILLO,LA PAZ,SAN ANTONIO DE PADUA,PRIVADA,32,32,44,1,0,0,0,0,0,0,1,-0.4725581865327859
4740586,MASCULINO,MURILLO,LA PAZ,SAN IGNACIO,PRIVADA,32,32,44,0,1,0,0,0,0,0,1,-0.4725581865327859
4741061,FEMENINO,MURILLO,LA PAZ,FRAY BERNARDINO DE CARDENAS,PRIVADA,34,32,44,1,0,0,0,0,0,0,1,-0.19856544750721086
4744029,FEMENINO,MURILLO,LA PAZ,FRANCO BOLIVIANO,CONVENIO,33,32,44,1,0,0,0,1,0,0,0,-0.3355618170199984
4744379,MASCULINO,MURILLO,LA PAZ,SAN CALIXTO,FISCAL,16,32,44,0,1,0,0,0,1,0,0,-2.664500098737386
4744597,MASCULINO,MURILLO,EL ALTO,UNIDAD EDUCATIVA VILLA ALEMANIA,CONVENIO,34,32,32,0,1,0,0,1,0,0,0,-0.19856544750721086
4744773,MASCULINO,MURILLO,LA PAZ,SANTA BARBARA,PRIVADA,32,32,44,0,1,0,0,0,0,0,1,-0.4725581865327859
4745825,MASCULINO,MURILLO,LA PAZ,SIMON RODRIGUEZ CARRENO,FISCAL,36,32,44,0,1,0,0,0,1,0,0,0.07542729151836416
4746016,MASCULINO,MURILLO,LA PAZ,SAN CALIXTO,FISCAL,35,32,44,0,1,0,0,0,1,0,0,-0.06156907799442335
4746617,MASCULINO,MURILLO,LA PAZ,GERMAN BUSCH,FISCAL,33,32,44,0,1,0,0,0,1,0,0,-0.3355618170199984
4747703,MASCULINO,MURILLO,LA PAZ,FRANSISCO DE MIRANDA,FISCAL,44,32,44,0,1,0,0,0,1,0,0,1.1713982476206644
4747878,MASCULINO,MURILLO,LA PAZ,LA SALLE TURNO TARDE,FISCAL,52,32,44,0,1,0,0,0,1,0,0,2.2673692037229642
4748570,FEMENINO,MURILLO,LA PAZ,SAN CALIXTO,FISCAL,52,32,44,1,0,0,0,0,1,0,0,2.2673692037229642
4749115,MASCULINO,QUILLACOLLO,COCHABAMBA,NAL. NOCT. GERMAN BUSCH,FISCAL,46,42,23,0,1,0,0,0,1,0,0,1.4453909866462393
4749437,MASCULINO,MURILLO,LA PAZ,LOS PINOS,PRIVADA,32,32,44,0,1,0,0,0,0,0,1,-0.4725581865327859
4750096,MASCULINO,MURILLO,LA PAZ,FELIPE SEGUNDO GUZMAN,FISCAL,35,32,44,0,1,0,0,0,1,0,0,-0.06156907799442335
4750866,MASCULINO,MURILLO,LA PAZ,MARTIN CARDENAS HERMOSA,FISCAL,32,32,44,0,1,0,0,0,1,0,0,-0.4725581865327859
4751088,FEMENINO,MURILLO,LA PAZ,LICEO LA PAZ,FISCAL,33,32,44,1,0,0,0,0,1,0,0,-0.3355618170199984
4751139,MASCULINO,MURILLO,EL ALTO,SAN JOSE FE Y ALEGRIA,FISCAL,34,32,32,0,1,0,0,0,1,0,0,-0.19856544750721086
4751166,MASCULINO,MURILLO,LA PAZ,SAN CALIXTO,FISCAL,16,32,44,0,1,0,0,0,1,0,0,-2.664500098737386
4751598,MASCULINO,MURILLO,LA PAZ,SAN CALIXTO,FISCAL,52,32,44,0,1,0,0,0,1,0,0,2.2673692037229642
4751831,MASCULINO,MURILLO,LA PAZ,"GERMAN BUSCH ""B""",FISCAL,33,32,44,0,1,0,0,0,1,0,0,-0.3355618170199984
4751856,MASCULINO,MURILLO,LA PAZ,LOS PINOS,PRIVADA,34,32,44,0,1,0,0,0,0,0,1,-0.19856544750721086
4752569,FEMENINO,MURILLO,LA PAZ,U.E. MANUEL VICENTE BALLIVIAN,FISCAL,16,32,44,1,0,0,0,0,1,0,0,-2.664500098737386
4752997,FEMENINO,MURILLO,LA PAZ,HUGHES SCHOOLS,PRIVADA,32,32,44,1,0,0,0,0,0,0,1,-0.4725581865327859
4754292,MASCULINO,MURILLO,EL ALTO,ADRIAN CASTILLO NAVA,FISCAL,34,32,32,0,1,0,0,0,1,0,0,-0.19856544750721086
4754965,MASCULINO,MURILLO,LA PAZ,MARISCAL JOSE BALLIVIAN,FISCAL,45,32,44,0,1,0,0,0,1,0,0,1.3083946171334517
4755839,FEMENINO,MURILLO,LA PAZ,INSTITUTO EDUCATIVO,FISCAL,36,32,44,1,0,0,0,0,1,0,0,0.07542729151836416
4755879,MASCULINO,MURILLO,LA PAZ,T.M.F. 18 DE MAYO,FISCAL,44,32,44,0,1,0,0,0,1,0,0,1.1713982476206644
4756380,MASCULINO,MURILLO,LA PAZ,SAN JOSE,PRIVADA,31,32,44,0,1,0,0,0,0,0,1,-0.6095545560455734
4757164,FEMENINO,MURILLO,LA PAZ,SAN IGNACIO,PRIVADA,32,32,44,1,0,0,0,0,0,0,1,-0.4725581865327859
4757193,MASCULINO,MURILLO,EL ALTO,MERCEDES BELZU DE DORADO,FISCAL,33,32,32,0,1,0,0,0,1,0,0,-0.3355618170199984
4757508,MASCULINO,MURILLO,LA PAZ,INSTITUTO AMERICANO,PRIVADA,36,32,44,0,1,0,0,0,0,0,1,0.07542729151836416
4757784,MASCULINO,MURILLO,LA PAZ,SAINT PETER,PRIVADA,40,32,44,0,1,0,0,0,0,0,1,0.6234127695695142
4758972,MASCULINO,MURILLO,LA PAZ,INSTITUTO AMERICANO,PRIVADA,34,32,44,0,1,0,0,0,0,0,1,-0.19856544750721086
4759461,MASCULINO,MURILLO,LA PAZ,JESUS OBRERO,CONVENIO,33,32,44,0,1,0,0,1,0,0,0,-0.3355618170199984
4760793,MASCULINO,MURILLO,LA PAZ,SAN CALIXTO,PRIVADA,32,32,44,0,1,0,0,0,0,0,1,-0.4725581865327859
4761105,MASCULINO,MURILLO,LA PAZ,VIDA Y VERDAD,PRIVADA,33,32,44,0,1,0,0,0,0,0,1,-0.3355618170199984
4762004,MASCULINO,MURILLO,LA PAZ,ALFREDO VARGAS,FISCAL,34,32,44,0,1,0,0,0,1,0,0,-0.19856544750721086
4762494,MASCULINO,MURILLO,LA PAZ,SERGIO ALMARAZ,FISCAL,38,32,44,0,1,0,0,0,1,0,0,0.3494200305439392
4762576,MASCULINO,MURILLO,LA PAZ,SAN CALIXTO,FISCAL,16,32,44,0,1,0,0,0,1,0,0,-2.664500098737386
4762705,FEMENINO,MURILLO,LA PAZ,SANTA MARIA MAZZARELLO,PRIVADA,31,32,44,1,0,0,0,0,0,0,1,-0.6095545560455734
4762763,MASCULINO,MURILLO,LA PAZ,FRAY BERNARDINO DE CARDENAS,PRIVADA,31,32,44,0,1,0,0,0,0,0,1,-0.6095545560455734
4763971,FEMENINO,MURILLO,LA PAZ,HUGO DAVILA,FISCAL,33,32,44,1,0,0,0,0,1,0,0,-0.3355618170199984
4766488,FEMENINO,PACAJES,LA PAZ,FRANZ TAMAYO,PRIVADA,33,39,44,1,0,0,0,0,0,0,1,-0.3355618170199984
4766489,FEMENINO,MURILLO,LA PAZ,SAN CALIXTO,FISCAL,35,32,44,1,0,0,0,0,1,0,0,-0.06156907799442335
4768002,MASCULINO,MURILLO,LA PAZ,COLEGIO EXP. HUGO DAVILA T.M.,FISCAL,36,32,44,0,1,0,0,0,1,0,0,0.07542729151836416
4768986,MASCULINO,MURILLO,LA PAZ,MONTESSORI,PRIVADA,30,32,44,0,1,0,0,0,0,0,1,-0.7465509255583609
4769849,FEMENINO,MURILLO,LA PAZ,SAN CALIXTO,PRIVADA,32,32,44,1,0,0,0,0,0,0,1,-0.4725581865327859
4770448,MASCULINO,MURILLO,LA PAZ,UNIDAD EDUCATIVA SAN ANDRES,CONVENIO,36,32,44,0,1,0,0,1,0,0,0,0.07542729151836416
4770736,MASCULINO,MURILLO,LA PAZ,MAX VALDIVIA,CONVENIO,37,32,44,0,1,0,0,1,0,0,0,0.21242366103115168
4771462,MASCULINO,MURILLO,LA PAZ,SAN JUDAS TADEO,PRIVADA,34,32,44,0,1,0,0,0,0,0,1,-0.19856544750721086
4772663,FEMENINO,MURILLO,LA PAZ,ENRIQUE LINDEMANN,FISCAL,32,32,44,1,0,0,0,0,1,0,0,-0.4725581865327859
4773289,MASCULINO,MURILLO,LA PAZ,MAX VALDIVIA,FISCAL,32,32,44,0,1,0,0,0,1,0,0,-0.4725581865327859
4773680,FEMENINO,MURILLO,LA PAZ,ALEMAN MARISCAL BRAUN,PRIVADA,34,32,44,1,0,0,0,0,0,0,1,-0.19856544750721086
4773884,FEMENINO,MURILLO,LA PAZ,LUIS ESPINAL CAMPS,FISCAL,32,32,44,1,0,0,0,0,1,0,0,-0.4725581865327859
4774206,MASCULINO,MURILLO,LA PAZ,SAN IGNACIO,PRIVADA,32,32,44,0,1,0,0,0,0,0,1,-0.4725581865327859
4774848,MASCULINO,MURILLO,LA PAZ,SAN CALIXTO,FISCAL,52,32,44,0,1,0,0,0,1,0,0,2.2673692037229642
4774953,FEMENINO,MURILLO,LA PAZ,SAN CALIXTO,FISCAL,48,32,44,1,0,0,0,0,1,0,0,1.7193837256718143
4775497,MASCULINO,MURILLO,LA PAZ,SAN CALIXTO,FISCAL,16,32,44,0,1,0,0,0,1,0,0,-2.664500098737386
4775672,FEMENINO,MURILLO,LA PAZ,BOLIVIA IV,FISCAL,31,32,44,1,0,0,0,0,1,0,0,-0.6095545560455734
4776834,FEMENINO,MURILLO,LA PAZ,SANTA ANA,PRIVADA,48,32,44,1,0,0,0,0,0,0,1,1.7193837256718143
4777328,MASCULINO,MURILLO,LA PAZ,SAN CALIXTO,FISCAL,34,32,44,0,1,0,0,0,1,0,0,-0.19856544750721086
4777375,FEMENINO,ANDRES IBANEZ,SANTA CRUZ,SAN FERNANDO,PRIVADA,42,3,68,1,0,0,0,0,0,0,1,0.8974055085950893
4778384,FEMENINO,INGAVI,VIACHA,JOSE BALLIVIAN,FISCAL,42,22,78,1,0,0,0,0,1,0,0,0.8974055085950893
4778830,FEMENINO,MURILLO,LA PAZ,SIMON BOLIVAR TARDE,FISCAL,33,32,44,1,0,0,0,0,1,0,0,-0.3355618170199984
4779374,MASCULINO,OTRO,COCHABAMBA,HUMBOLDT UNI LOYOLA,PRIVADA,39,38,23,0,1,0,0,0,0,0,1,0.4864164000567267
4780078,MASCULINO,MURILLO,LA PAZ,CEA DANIEL SANCHEZ BUSTAMANTE,FISCAL,44,32,44,0,1,0,0,0,1,0,0,1.1713982476206644
4781182,MASCULINO,MURILLO,LA PAZ,NUESTRA SENORA DE LAPAZ,CEMA,31,32,44,0,1,0,1,0,0,0,0,-0.6095545560455734
4781450,FEMENINO,MURILLO,LA PAZ,INSTITUTO AMERICANO OBRAJES,PRIVADA,31,32,44,1,0,0,0,0,0,0,1,-0.6095545560455734
4781668,MASCULINO,MURILLO,LA PAZ,SAN CALIXTO,FISCAL,16,32,44,0,1,0,0,0,1,0,0,-2.664500098737386
4781911,MASCULINO,MURILLO,EL ALTO,U.E ANTOFAGASTA NORUEGUO,FISCAL,33,32,32,0,1,0,0,0,1,0,0,-0.3355618170199984
4782843,MASCULINO,MURILLO,LA PAZ,SAGRADOS CORAZONES B,FISCAL,16,32,44,0,1,0,0,0,1,0,0,-2.664500098737386
4783541,FEMENINO,MURILLO,LA PAZ,ANDRES PETRICEVIC,FISCAL,49,32,44,1,0,0,0,0,1,0,0,1.856380095184602
4784671,MASCULINO,MURILLO,LA PAZ,DAMIAN DE VEUSTER (SAGRADOS CORAZONES),FISCAL,48,32,44,0,1,0,0,0,1,0,0,1.7193837256718143
4784757,MASCULINO,MURILLO,LA PAZ,INGAVI,FISCAL,34,32,44,0,1,0,0,0,1,0,0,-0.19856544750721086
4784969,MASCULINO,MURILLO,EL ALTO,SAN JOSE FE Y ALEGRIA,FISCAL,35,32,32,0,1,0,0,0,1,0,0,-0.06156907799442335
4784995,MASCULINO,LOAYZA,EL ALTO,UNIDAD EDUCATIVA BRASILIA,FISCAL,33,27,32,0,1,0,0,0,1,0,0,-0.3355618170199984
4785021,MASCULINO,MURILLO,LA PAZ,SANTO TOMAS DE FE Y ALEGRIA,FISCAL,41,32,44,0,1,0,0,0,1,0,0,0.7604091390823018
4785100,MASCULINO,MURILLO,LA PAZ,ANTONIO DIAZ VILLAMIL,FISCAL,46,32,44,0,1,0,0,0,1,0,0,1.4453909866462393
4785215,FEMENINO,MURILLO,LA PAZ,NUESTRA SRA. DE FATIMA,PRIVADA,32,32,44,1,0,0,0,0,0,0,1,-0.4725581865327859
4785521,FEMENINO,MURILLO,LA PAZ,RENE BARRIENTOS ORTUNO,FISCAL,39,32,44,1,0,0,0,0,1,0,0,0.4864164000567267
4786811,MASCULINO,MURILLO,LA PAZ,DORA SCHMIDT,FISCAL,33,32,44,0,1,0,0,0,1,0,0,-0.3355618170199984
4788665,MASCULINO,MURILLO,LA PAZ,SAN FRANCISCO,PRIVADA,31,32,44,0,1,0,0,0,0,0,1,-0.6095545560455734
4789306,MASCULINO,MURILLO,LA PAZ,DON BOSCO,PRIVADA,30,32,44,0,1,0,0,0,0,0,1,-0.7465509255583609
4790286,MASCULINO,MURILLO,LA PAZ,ADVENTISTA FRANZ TAMAYO,PRIVADA,34,32,44,0,1,0,0,0,0,0,1,-0.19856544750721086
4790372,MASCULINO,MURILLO,LA PAZ,ELIZARDO PEREZ,FISCAL,33,32,44,0,1,0,0,0,1,0,0,-0.3355618170199984
4790532,MASCULINO,MURILLO,LA PAZ,PUERTO DE MEJILLONES,FISCAL,34,32,44,0,1,0,0,0,1,0,0,-0.19856544750721086
4790565,NO RESPONDE,MURILLO,LA PAZ,SAN CALIXTO,FISCAL,39,32,44,0,0,1,0,0,1,0,0,0.4864164000567267
4790602,MASCULINO,MURILLO,LA PAZ,ROUMA HIGH SCHOOL,PRIVADA,31,32,44,0,1,0,0,0,0,0,1,-0.6095545560455734
4790839,FEMENINO,MURILLO,LA PAZ,HUGHES SCHOOLS,PRIVADA,31,32,44,1,0,0,0,0,0,0,1,-0.6095545560455734
4792628,MASCULINO,MURILLO,LA PAZ,AVE MARIA,PRIVADA,30,32,44,0,1,0,0,0,0,0,1,-0.7465509255583609
4792700,MASCULINO,MURILLO,LA PAZ,DON BOSCO,FISCAL,47,32,44,0,1,0,0,0,1,0,0,1.582387356159027
4793406,MASCULINO,MURILLO,EL ALTO,HOLANDES,PRIVADA,34,32,32,0,1,0,0,0,0,0,1,-0.19856544750721086
4793418,MASCULINO,MURILLO,LA PAZ,GERMAN BUSCH B,FISCAL,31,32,44,0,1,0,0,0,1,0,0,-0.6095545560455734
4794020,MASCULINO,MURILLO,LA PAZ,SAINT PETERA S,PRIVADA,47,32,44,0,1,0,0,0,0,0,1,1.582387356159027
4794122,FEMENINO,MURILLO,LA PAZ,MARIA IMACULADA,CONVENIO,31,32,44,1,0,0,0,1,0,0,0,-0.6095545560455734
4794423,FEMENINO,MURILLO,LA PAZ,SAGRADO CORAZON,FISCAL,47,32,44,1,0,0,0,0,1,0,0,1.582387356159027
4795871,MASCULINO,NOR YUNGAS,CORIPATA,AVE MARIA,PRIVADA,47,34,27,0,1,0,0,0,0,0,1,1.582387356159027
4797235,FEMENINO,MURILLO,LA PAZ,LICEO NO 10 RICARDO ROJAS,FISCAL,37,32,44,1,0,0,0,0,1,0,0,0.21242366103115168
4798699,MASCULINO,MURILLO,LA PAZ,LICEO VENEZUELA,FISCAL,44,32,44,0,1,0,0,0,1,0,0,1.1713982476206644
4798887,MASCULINO,MURILLO,LA PAZ,AVE MARIA,PRIVADA,35,32,44,0,1,0,0,0,0,0,1,-0.06156907799442335
4801332,FEMENINO,MURILLO,LA PAZ,JESUS OBRERO,FISCAL,41,32,44,1,0,0,0,0,1,0,0,0.7604091390823018
4802116,MASCULINO,MURILLO,LA PAZ,AVE MARIA,PRIVADA,32,32,44,0,1,0,0,0,0,0,1,-0.4725581865327859
4802711,MASCULINO,MURILLO,LA PAZ,ELISA DE BALLIVIAN,FISCAL,41,32,44,0,1,0,0,0,1,0,0,0.7604091390823018
4802806,MASCULINO,MURILLO,LA PAZ,HUMBOLDT UNI LOYOLA,PRIVADA,30,32,44,0,1,0,0,0,0,0,1,-0.7465509255583609
4803354,MASCULINO,MURILLO,LA PAZ,SAN FRANCISCO,PRIVADA,34,32,44,0,1,0,0,0,0,0,1,-0.19856544750721086
4804486,FEMENINO,MURILLO,EL ALTO,CALAMA,FISCAL,33,32,32,1,0,0,0,0,1,0,0,-0.3355618170199984
4804612,FEMENINO,MURILLO,LA PAZ,"TECNOCO HUMANISTICO ""WALTER ALPIRE DURAN""",FISCAL,31,32,44,1,0,0,0,0,1,0,0,-0.6095545560455734
4804681,MASCULINO,MURILLO,LA PAZ,SAN CALIXTO,FISCAL,43,32,44,0,1,0,0,0,1,0,0,1.0344018781078768
4804853,FEMENINO,MURILLO,LA PAZ,ROSA GATTORNO,PRIVADA,30,32,44,1,0,0,0,0,0,0,1,-0.7465509255583609
4804854,MASCULINO,MURILLO,LA PAZ,AMOR DE DIOS,PRIVADA,16,32,44,0,1,0,0,0,0,0,1,-2.664500098737386
4805630,FEMENINO,MURILLO,LA PAZ,SAN FRANCISCO,PRIVADA,33,32,44,1,0,0,0,0,0,0,1,-0.3355618170199984
4805772,FEMENINO,MURILLO,LA PAZ,"LICEO LA PAZ ""A""",FISCAL,33,32,44,1,0,0,0,0,1,0,0,-0.3355618170199984
4805938,FEMENINO,MURILLO,LA PAZ,BON BOSCO EL PRADO,CONVENIO,30,32,44,1,0,0,0,1,0,0,0,-0.7465509255583609
4806509,MASCULINO,MURILLO,LA PAZ,AVE MARIA,PRIVADA,33,32,44,0,1,0,0,0,0,0,1,-0.3355618170199984
4806916,MASCULINO,MURILLO,LA PAZ,SAN JOSE DE FAAAA Y ALEGRIA,FISCAL,47,32,44,0,1,0,0,0,1,0,0,1.582387356159027
4807492,FEMENINO,MURILLO,LA PAZ,SAN CALIXTO,FISCAL,16,32,44,1,0,0,0,0,1,0,0,-2.664500098737386
4807712,FEMENINO,MURILLO,LA PAZ,UNIDAD EDUCATIVA MARIA AUXILIADORA,PRIVADA,33,32,44,1,0,0,0,0,0,0,1,-0.3355618170199984
4807726,MASCULINO,MURILLO,LA PAZ,DON BOSCO,PRIVADA,34,32,44,0,1,0,0,0,0,0,1,-0.19856544750721086
4807756,MASCULINO,MURILLO,LA PAZ,SAN CALIXTO,FISCAL,16,32,44,0,1,0,0,0,1,0,0,-2.664500098737386
4807934,MASCULINO,MURILLO,LA PAZ,AVE MARIA,PRIVADA,41,32,44,0,1,0,0,0,0,0,1,0.7604091390823018
4808718,MASCULINO,MURILLO,LA PAZ,SAN CALIXTO,FISCAL,52,32,44,0,1,0,0,0,1,0,0,2.2673692037229642
4809214,FEMENINO,MURILLO,LA PAZ,AMERICAN SCHOOL,PRIVADA,30,32,44,1,0,0,0,0,0,0,1,-0.7465509255583609
4809572,MASCULINO,MURILLO,LA PAZ,LORETTO,PRIVADA,30,32,44,0,1,0,0,0,0,0,1,-0.7465509255583609
4809819,MASCULINO,MURILLO,LA PAZ,SAN CALIXTO,FISCAL,52,32,44,0,1,0,0,0,1,0,0,2.2673692037229642
4811629,FEMENINO,MURILLO,LA PAZ,SANTA MARIA DE LOS ANGELES,FISCAL,45,32,44,1,0,0,0,0,1,0,0,1.3083946171334517
4812617,MASCULINO,MURILLO,LA PAZ,DON BOSCO,CONVENIO,35,32,44,0,1,0,0,1,0,0,0,-0.06156907799442335
4813133,MASCULINO,MURILLO,LA PAZ,VIDA NUEVA,CONVENIO,31,32,44,0,1,0,0,1,0,0,0,-0.6095545560455734
4813569,MASCULINO,MURILLO,LA PAZ,ALONSO DE MENDOZA,FISCAL,45,32,44,0,1,0,0,0,1,0,0,1.3083946171334517
4813985,FEMENINO,MURILLO,LA PAZ,NAL. MIXTO FERROVIARIO,FISCAL,30,32,44,1,0,0,0,0,1,0,0,-0.7465509255583609
4814918,MASCULINO,MURILLO,LA PAZ,SAN CALIXTO,FISCAL,46,32,44,0,1,0,0,0,1,0,0,1.4453909866462393
4815142,FEMENINO,MURILLO,LA PAZ,SAN PATRICIO,PRIVADA,37,32,44,1,0,0,0,0,0,0,1,0.21242366103115168
4815665,MASCULINO,MURILLO,LA PAZ,LEONARDO DA VINCI,PRIVADA,30,32,44,0,1,0,0,0,0,0,1,-0.7465509255583609
4816186,MASCULINO,MURILLO,LA PAZ,U. E. 6 DE JUNIO,FISCAL,31,32,44,0,1,0,0,0,1,0,0,-0.6095545560455734
4817260,NO RESPONDE,MURILLO,LA PAZ,SAN CALIXTO,FISCAL,33,32,44,0,0,1,0,0,1,0,0,-0.3355618170199984
4817306,MASCULINO,MURILLO,LA PAZ,SAN ANTONIO,PRIVADA,43,32,44,0,1,0,0,0,0,0,1,1.0344018781078768
4817828,MASCULINO,MURILLO,LA PAZ,NACIONAL SIMON BOLIVAR,FISCAL,47,32,44,0,1,0,0,0,1,0,0,1.582387356159027
4817866,NO RESPONDE,MURILLO,LA PAZ,KOLPING,PRIVADA,16,32,44,0,0,1,0,0,0,0,1,-2.664500098737386
4818502,MASCULINO,MURILLO,LA PAZ,"UNIDAD EDUCATIVA ""SAN LUIS""",FISCAL,47,32,44,0,1,0,0,0,1,0,0,1.582387356159027
4819509,MASCULINO,MURILLO,LA PAZ,DON BOSOC EL PRADO,FISCAL,30,32,44,0,1,0,0,0,1,0,0,-0.7465509255583609
4819801,MASCULINO,MURILLO,LA PAZ,AVE MARIA,PRIVADA,34,32,44,0,1,0,0,0,0,0,1,-0.19856544750721086
4820657,MASCULINO,MURILLO,LA PAZ,SAN CALIXTO,FISCAL,16,32,44,0,1,0,0,0,1,0,0,-2.664500098737386
4821580,MASCULINO,MURILLO,LA PAZ,ADVENTISTA MIRAFLORES,PRIVADA,43,32,44,0,1,0,0,0,0,0,1,1.0344018781078768
4821591,MASCULINO,MURILLO,LA PAZ,DON BOSCO,PRIVADA,45,32,44,0,1,0,0,0,0,0,1,1.3083946171334517
4822316,MASCULINO,MURILLO,LA PAZ,LUIS ALBERTO PABON,FISCAL,46,32,44,0,1,0,0,0,1,0,0,1.4453909866462393
4822526,FEMENINO,MURILLO,LA PAZ,COLEGIO ALEMAN MARISCAL BRAUN,PRIVADA,33,32,44,1,0,0,0,0,0,0,1,-0.3355618170199984
4822856,FEMENINO,MURILLO,LA PAZ,ALTO DE LA ALIANZA,FISCAL,35,32,44,1,0,0,0,0,1,0,0,-0.06156907799442335
4822884,MASCULINO,MURILLO,LA PAZ,SAN ANTONIO DE PADUA,PRIVADA,30,32,44,0,1,0,0,0,0,0,1,-0.7465509255583609
4823199,MASCULINO,MURILLO,LA PAZ,UNID.EDUC. LOS AMIGOS,PRIVADA,34,32,44,0,1,0,0,0,0,0,1,-0.19856544750721086
4823285,MASCULINO,MURILLO,LA PAZ,LUIS ESPINAL CAMPS AEROPUERTO,FISCAL,31,32,44,0,1,0,0,0,1,0,0,-0.6095545560455734
4823933,NO RESPONDE,MURILLO,LA PAZ,"UNIDAD EDUCATIVA PARROQUIAL ""SAN JOSE""",PRIVADA,42,32,44,0,0,1,0,0,0,0,1,0.8974055085950893
4824703,FEMENINO,MURILLO,LA PAZ,COLEGIO ALEMAN MARISCAL BRAUN,PRIVADA,29,32,44,1,0,0,0,0,0,0,1,-0.8835472950711485
4826081,MASCULINO,MURILLO,LA PAZ,INSTITUTO AMERICANO,PRIVADA,34,32,44,0,1,0,0,0,0,0,1,-0.19856544750721086
4826126,FEMENINO,MURILLO,LA PAZ,ABRAHAM REYES,FISCAL,37,32,44,1,0,0,0,0,1,0,0,0.21242366103115168
4826136,MASCULINO,MURILLO,LA PAZ,COLEGIO ADVENTISTA FRANZ TAMAYO,PRIVADA,37,32,44,0,1,0,0,0,0,0,1,0.21242366103115168
4826359,FEMENINO,MURILLO,LA PAZ,SAN CALIXTO,FISCAL,52,32,44,1,0,0,0,0,1,0,0,2.2673692037229642
4826576,MASCULINO,MURILLO,LA PAZ,INGLAAAAS CATAAAA3LICO,PRIVADA,39,32,44,0,1,0,0,0,0,0,1,0.4864164000567267
4827097,MASCULINO,MURILLO,LA PAZ,INSTITUTO AMERICANO,FISCAL,44,32,44,0,1,0,0,0,1,0,0,1.1713982476206644
4828419,MASCULINO,MURILLO,LA PAZ,SAN ANTONIO DE PADUA,PRIVADA,46,32,44,0,1,0,0,0,0,0,1,1.4453909866462393
4828507,MASCULINO,MURILLO,LA PAZ,COLEGIO INGLES CATOLICO,PRIVADA,34,32,44,0,1,0,0,0,0,0,1,-0.19856544750721086
4828600,MASCULINO,MURILLO,LA PAZ,INGLES CATOLICO,PRIVADA,36,32,44,0,1,0,0,0,0,0,1,0.07542729151836416
4828909,FEMENINO,MURILLO,LA PAZ,CEA DANIEL SANCHEZ BUSTAMANTE,FISCAL,30,32,44,1,0,0,0,0,1,0,0,-0.7465509255583609
4829322,MASCULINO,MURILLO,LA PAZ,"CRISTIANO ""VIDA NIEVA""",PRIVADA,35,32,44,0,1,0,0,0,0,0,1,-0.06156907799442335
4829453,MASCULINO,OROPEZA,SUCRE,SAN IGNACIO,PRIVADA,34,36,71,0,1,0,0,0,0,0,1,-0.19856544750721086
4829541,MASCULINO,MURILLO,LA PAZ,ELIZARDO PEREZ,FISCAL,30,32,44,0,1,0,0,0,1,0,0,-0.7465509255583609
4830000,MASCULINO,MURILLO,LA PAZ,SISTENA EDUCATIVO CRISTIANO EDEN,PRIVADA,38,32,44,0,1,0,0,0,0,0,1,0.3494200305439392
4831049,MASCULINO,MURILLO,LA PAZ,JAUN JOSE,FISCAL,32,32,44,0,1,0,0,0,1,0,0,-0.4725581865327859
4831359,MASCULINO,MURILLO,LA PAZ,FELIX EGUINO ZABALLA,FISCAL,30,32,44,0,1,0,0,0,1,0,0,-0.7465509255583609
4831596,MASCULINO,MURILLO,LA PAZ,SAGRADOS CORAZONES,PRIVADA,44,32,44,0,1,0,0,0,0,0,1,1.1713982476206644
4831711,MASCULINO,MURILLO,LA PAZ,SAN JOSE,PRIVADA,35,32,44,0,1,0,0,0,0,0,1,-0.06156907799442335
4831815,MASCULINO,MURILLO,LA PAZ,VIDA NUEVA,PRIVADA,39,32,44,0,1,0,0,0,0,0,1,0.4864164000567267
4832076,MASCULINO,OMASUYOS,LA PAZ,KALAQUE,FISCAL,46,35,44,0,1,0,0,0,1,0,0,1.4453909866462393
4832581,FEMENINO,MURILLO,LA PAZ,SANTISIMA TRINIDAD,PRIVADA,32,32,44,1,0,0,0,0,0,0,1,-0.4725581865327859
4832641,MASCULINO,MURILLO,LA PAZ,COL. NAL. GERMAN BUSCH,FISCAL,47,32,44,0,1,0,0,0,1,0,0,1.582387356159027
4833182,MASCULINO,MURILLO,LA PAZ,SANATA ANA,PRIVADA,31,32,44,0,1,0,0,0,0,0,1,-0.6095545560455734
4833281,FEMENINO,MURILLO,LA PAZ,LICEO DE SENORITAS BOLIVIA,FISCAL,46,32,44,1,0,0,0,0,1,0,0,1.4453909866462393
4833730,FEMENINO,MURILLO,LA PAZ,SANTA ANA,PRIVADA,31,32,44,1,0,0,0,0,0,0,1,-0.6095545560455734
4834530,MASCULINO,MURILLO,LA PAZ,LORETTO,PRIVADA,29,32,44,0,1,0,0,0,0,0,1,-0.8835472950711485
4834628,MASCULINO,MURILLO,LA PAZ,SAN BERNARDO,PRIVADA,33,32,44,0,1,0,0,0,0,0,1,-0.3355618170199984
4835042,MASCULINO,MURILLO,LA PAZ,MONTESSORI,PRIVADA,32,32,44,0,1,0,0,0,0,0,1,-0.4725581865327859
4835799,FEMENINO,MURILLO,LA PAZ,SANANTONIO DE PADUA,PRIVADA,33,32,44,1,0,0,0,0,0,0,1,-0.3355618170199984
4835823,FEMENINO,OTRO,COCHABAMBA,ALEMAN MARISCAL BRAUN,CONVENIO,30,38,23,1,0,0,0,1,0,0,0,-0.7465509255583609
4835936,NO RESPONDE,MURILLO,LA PAZ,OTRO,FISCAL,16,32,44,0,0,1,0,0,1,0,0,-2.664500098737386
4836651,FEMENINO,MURILLO,EL ALTO,SAN AGUSTIN,PRIVADA,46,32,32,1,0,0,0,0,0,0,1,1.4453909866462393
4836682,MASCULINO,MURILLO,LA PAZ,LEONARDO DA VINCI,PRIVADA,32,32,44,0,1,0,0,0,0,0,1,-0.4725581865327859
4836882,MASCULINO,MURILLO,LA PAZ,BETANIA HIGH SCHOOL,PRIVADA,34,32,44,0,1,0,0,0,0,0,1,-0.19856544750721086
4837002,MASCULINO,MURILLO,LA PAZ,COLEGIO INGLES SANTA EUFRASIA (C.I.S.E.),PRIVADA,37,32,44,0,1,0,0,0,0,0,1,0.21242366103115168
4837603,FEMENINO,MURILLO,LA PAZ,INSTITUTO AMERICANO,PRIVADA,32,32,44,1,0,0,0,0,0,0,1,-0.4725581865327859
4837719,MASCULINO,MURILLO,LA PAZ,FRANCO BOLIVIANO,PRIVADA,32,32,44,0,1,0,0,0,0,0,1,-0.4725581865327859
4837836,FEMENINO,MURILLO,LA PAZ,INSTITUTO AMERICANO,PRIVADA,29,32,44,1,0,0,0,0,0,0,1,-0.8835472950711485
4838813,MASCULINO,MURILLO,LA PAZ,U.E.F.,FISCAL,35,32,44,0,1,0,0,0,1,0,0,-0.06156907799442335
4838894,MASCULINO,MURILLO,LA PAZ,DOMINGO FAUSTINO SARMIENTO,FISCAL,38,32,44,0,1,0,0,0,1,0,0,0.3494200305439392
4839737,FEMENINO,MURILLO,LA PAZ,LA SALLE TRINIDAD,PRIVADA,32,32,44,1,0,0,0,0,0,0,1,-0.4725581865327859
4839931,FEMENINO,MURILLO,LA PAZ,SAN CALIXTO,FISCAL,52,32,44,1,0,0,0,0,1,0,0,2.2673692037229642
4839950,MASCULINO,MURILLO,LA PAZ,DR.MARTIN CARDENAS,FISCAL,47,32,44,0,1,0,0,0,1,0,0,1.582387356159027
4840692,MASCULINO,MURILLO,LA PAZ,COLESOL SAINT GERMAIN,PRIVADA,29,32,44,0,1,0,0,0,0,0,1,-0.8835472950711485
4840766,NO RESPONDE,MURILLO,LA PAZ,SAN CALIXTO,FISCAL,16,32,44,0,0,1,0,0,1,0,0,-2.664500098737386
4840792,MASCULINO,MURILLO,LA PAZ,IGNACIO CALDERON,FISCAL,44,32,44,0,1,0,0,0,1,0,0,1.1713982476206644
4840798,MASCULINO,MURILLO,LA PAZ,ANTONIO DIAZ VILLAMIL,FISCAL,34,32,44,0,1,0,0,0,1,0,0,-0.19856544750721086
4841117,MASCULINO,MURILLO,LA PAZ,INSTITUTO AMERICANO,PRIVADA,30,32,44,0,1,0,0,0,0,0,1,-0.7465509255583609
4841214,NO RESPONDE,MURILLO,LA PAZ,SAN CALIXTO,FISCAL,52,32,44,0,0,1,0,0,1,0,0,2.2673692037229642
4841505,MASCULINO,MURILLO,LA PAZ,DON BOSCO,PRIVADA,31,32,44,0,1,0,0,0,0,0,1,-0.6095545560455734
4841515,MASCULINO,MURILLO,LA PAZ,DAMIAN DE VEUSTER,FISCAL,36,32,44,0,1,0,0,0,1,0,0,0.07542729151836416
4841744,MASCULINO,MURILLO,LA PAZ,NO REGISTRO,FISCAL,43,32,44,0,1,0,0,0,1,0,0,1.0344018781078768
4842226,FEMENINO,MURILLO,LA PAZ,SAN CALIXTO,FISCAL,34,32,44,1,0,0,0,0,1,0,0,-0.19856544750721086
4842577,FEMENINO,MURILLO,CANTON ITALAQUE,CEMA MIRAFLORES,FISCAL,52,32,13,1,0,0,0,0,1,0,0,2.2673692037229642
4842792,MASCULINO,MURILLO,LA PAZ,SAGRADOS CORAZONES,PRIVADA,37,32,44,0,1,0,0,0,0,0,1,0.21242366103115168
4843005,MASCULINO,MURILLO,LA PAZ,SANTISIMA TRINIDAD,PRIVADA,33,32,44,0,1,0,0,0,0,0,1,-0.3355618170199984
4843054,FEMENINO,MURILLO,LA PAZ,SAN CALIXTO,FISCAL,16,32,44,1,0,0,0,0,1,0,0,-2.664500098737386
4844448,MASCULINO,MURILLO,LA PAZ,COLEGIO NACIONAL,FISCAL,36,32,44,0,1,0,0,0,1,0,0,0.07542729151836416
4844450,MASCULINO,DESCONOCIDO,DESCONOCIDO,9 DE ABRIL,FISCAL,34,16,31,0,1,0,0,0,1,0,0,-0.19856544750721086
4844620,NO RESPONDE,MURILLO,LA PAZ,INSTITUTO AMERICANO,PRIVADA,29,32,44,0,0,1,0,0,0,0,1,-0.8835472950711485
4845628,MASCULINO,MURILLO,LA PAZ,MY.JOSE AGUSTIN CASTRILLO,FISCAL,32,32,44,0,1,0,0,0,1,0,0,-0.4725581865327859
4845719,MASCULINO,MURILLO,LA PAZ,MAYOR JOSE AGUSTIN CASTRILLO,FISCAL,34,32,44,0,1,0,0,0,1,0,0,-0.19856544750721086
4845807,MASCULINO,MURILLO,LA PAZ,SAINT PAUL,PRIVADA,32,32,44,0,1,0,0,0,0,0,1,-0.4725581865327859
4845894,FEMENINO,MURILLO,LA PAZ,SAN AGUSTIN,PRIVADA,47,32,44,1,0,0,0,0,0,0,1,1.582387356159027
4846467,MASCULINO,MURILLO,LA PAZ,SAN CALIXTO,FISCAL,52,32,44,0,1,0,0,0,1,0,0,2.2673692037229642
4846583,MASCULINO,MURILLO,EL ALTO,EL ALTO,FISCAL,31,32,32,0,1,0,0,0,1,0,0,-0.6095545560455734
4846878,MASCULINO,MURILLO,LA PAZ,FRAY BERNARDINO DE CARDENAS,PRIVADA,29,32,44,0,1,0,0,0,0,0,1,-0.8835472950711485
4847044,MASCULINO,MURILLO,LA PAZ,SAN CALIXTO,FISCAL,16,32,44,0,1,0,0,0,1,0,0,-2.664500098737386
4847555,MASCULINO,MURILLO,LA PAZ,ABRAHAM REYES,FISCAL,46,32,44,0,1,0,0,0,1,0,0,1.4453909866462393
4847840,FEMENINO,MURILLO,EL ALTO,GRAN BRETANA,FISCAL,30,32,32,1,0,0,0,0,1,0,0,-0.7465509255583609
4847946,MASCULINO,MURILLO,LA PAZ,SAN CALIXTO,FISCAL,47,32,44,0,1,0,0,0,1,0,0,1.582387356159027
4848132,NO RESPONDE,MURILLO,LA PAZ,SAN CALIXTO,FISCAL,52,32,44,0,0,1,0,0,1,0,0,2.2673692037229642
4848258,FEMENINO,MURILLO,LA PAZ,INSTITUTO AMERICANO,FISCAL,34,32,44,1,0,0,0,0,1,0,0,-0.19856544750721086
4848404,MASCULINO,MURILLO,LA PAZ,IGNACIO CALDERON,FISCAL,32,32,44,0,1,0,0,0,1,0,0,-0.4725581865327859
4848690,FEMENINO,MURILLO,EL ALTO,"VILLA ALEMANIA ""FE Y ALEGRIA""",CONVENIO,31,32,32,1,0,0,0,1,0,0,0,-0.6095545560455734
4848849,FEMENINO,MURILLO,LA PAZ,SAN CALIXTO,FISCAL,16,32,44,1,0,0,0,0,1,0,0,-2.664500098737386
4848890,FEMENINO,MURILLO,LA PAZ,MARISCAL DE CEPITA,PRIVADA,30,32,44,1,0,0,0,0,0,0,1,-0.7465509255583609
4849007,MASCULINO,MURILLO,LA PAZ,UNIDAD EDUCATIVA PARROQUIAL SAN JOSE,PRIVADA,35,32,44,0,1,0,0,0,0,0,1,-0.06156907799442335
4849019,FEMENINO,MURILLO,LA PAZ,BOLIVIA IV,FISCAL,30,32,44,1,0,0,0,0,1,0,0,-0.7465509255583609
4849386,MASCULINO,MURILLO,LA PAZ,DESCONOCIDO,FISCAL,16,32,44,0,1,0,0,0,1,0,0,-2.664500098737386
4850213,MASCULINO,MURILLO,LA PAZ,COL. FERROVIARIO,FISCAL,32,32,44,0,1,0,0,0,1,0,0,-0.4725581865327859
4851449,FEMENINO,MURILLO,LA PAZ,DON BOSCO - EL PRADO,CONVENIO,29,32,44,1,0,0,0,1,0,0,0,-0.8835472950711485
4854757,MASCULINO,MURILLO,LA PAZ,VIRGEN DE COPACABANA,PRIVADA,32,32,44,0,1,0,0,0,0,0,1,-0.4725581865327859
4856443,MASCULINO,MURILLO,LA PAZ,MARIEN GARTEN,CONVENIO,30,32,44,0,1,0,0,1,0,0,0,-0.7465509255583609
4858496,MASCULINO,MURILLO,LA PAZ,HUGO DAVILA,FISCAL,33,32,44,0,1,0,0,0,1,0,0,-0.3355618170199984
4858585,FEMENINO,MURILLO,LA PAZ,SAN CALIXTO,PRIVADA,28,32,44,1,0,0,0,0,0,0,1,-1.0205436645839359
4859316,MASCULINO,MURILLO,LA PAZ,RAMON RETAMOSO LOPEZ,FISCAL,34,32,44,0,1,0,0,0,1,0,0,-0.19856544750721086
4859742,FEMENINO,MURILLO,LA PAZ,AVE MARIA,PRIVADA,32,32,44,1,0,0,0,0,0,0,1,-0.4725581865327859
4860120,MASCULINO,MURILLO,LA PAZ,DOMINGO SAVIO,PRIVADA,28,32,44,0,1,0,0,0,0,0,1,-1.0205436645839359
4861581,FEMENINO,MURILLO,LA PAZ,SAINT GERMAIN,PRIVADA,43,32,44,1,0,0,0,0,0,0,1,1.0344018781078768
4861723,MASCULINO,MURILLO,EL ALTO,"UNION EUROPEA ""B",FISCAL,32,32,32,0,1,0,0,0,1,0,0,-0.4725581865327859
4862083,MASCULINO,MURILLO,LA PAZ,ANTONIO DIAZ VILLAMIL,FISCAL,33,32,44,0,1,0,0,0,1,0,0,-0.3355618170199984
4862733,MASCULINO,MURILLO,LA PAZ,SAN CALIXTO,PRIVADA,32,32,44,0,1,0,0,0,0,0,1,-0.4725581865327859
4865836,MASCULINO,MURILLO,EL ALTO,JUAN CARLOS FLORES BEDREGAL,FISCAL,29,32,32,0,1,0,0,0,1,0,0,-0.8835472950711485
4866384,MASCULINO,MURILLO,LA PAZ,COLEGIO SAN LUIS DE FE Y ALEGRIA,FISCAL,46,32,44,0,1,0,0,0,1,0,0,1.4453909866462393
4866425,MASCULINO,MURILLO,LA PAZ,SANTANA,PRIVADA,38,32,44,0,1,0,0,0,0,0,1,0.3494200305439392
4866999,MASCULINO,MURILLO,LA PAZ,IRENE NAVA DE CASTILLO,CONVENIO,45,32,44,0,1,0,0,1,0,0,0,1.3083946171334517
4867660,MASCULINO,MURILLO,LA PAZ,COL. ALFREDO VARGAS,FISCAL,43,32,44,0,1,0,0,0,1,0,0,1.0344018781078768
4868126,MASCULINO,MURILLO,LA PAZ,DON BOSCO,FISCAL,32,32,44,0,1,0,0,0,1,0,0,-0.4725581865327859
4868355,FEMENINO,MURILLO,LA PAZ,SAN ANTONIO DE PADUA,PRIVADA,30,32,44,1,0,0,0,0,0,0,1,-0.7465509255583609
4868874,MASCULINO,MURILLO,LA PAZ,MIGUEL DE CERVANTES Y SAAVEDRA,PRIVADA,41,32,44,0,1,0,0,0,0,0,1,0.7604091390823018
4869131,MASCULINO,MURILLO,LA PAZ,SAN SIMON DE AYACUCHO,FISCAL,47,32,44,0,1,0,0,0,1,0,0,1.582387356159027
4869402,MASCULINO,MURILLO,LA PAZ,COMUNIDAD EDUCATIVA SAGRADOS CORAZONES,PRIVADA,33,32,44,0,1,0,0,0,0,0,1,-0.3355618170199984
4869544,MASCULINO,MURILLO,LA PAZ,SAN CALIXTO,FISCAL,42,32,44,0,1,0,0,0,1,0,0,0.8974055085950893
4870403,MASCULINO,MURILLO,LA PAZ,"U. E. PRIVADA ""LA PAZ""",PRIVADA,31,32,44,0,1,0,0,0,0,0,1,-0.6095545560455734
4870598,MASCULINO,MURILLO,EL ALTO,SAN JOSE,CONVENIO,31,32,32,0,1,0,0,1,0,0,0,-0.6095545560455734
4870792,MASCULINO,MURILLO,LA PAZ,ADELA ZAMUDIO,FISCAL,36,32,44,0,1,0,0,0,1,0,0,0.07542729151836416
4871227,FEMENINO,MURILLO,LA PAZ,U.E.HOLANDA,FISCAL,33,32,44,1,0,0,0,0,1,0,0,-0.3355618170199984
4871588,MASCULINO,MURILLO,LA PAZ,CEA DANIEL SANCHEZ BUSTAMANTE,CEMA,46,32,44,0,1,0,1,0,0,0,0,1.4453909866462393
4872596,MASCULINO,MURILLO,LA PAZ,NACIONAL SIMON BOLIVAR,FISCAL,37,32,44,0,1,0,0,0,1,0,0,0.21242366103115168
4872665,MASCULINO,MURILLO,LA PAZ,SAN CALIXTO,FISCAL,31,32,44,0,1,0,0,0,1,0,0,-0.6095545560455734
4873476,MASCULINO,MURILLO,EL ALTO,SAN JUAN TARDE,FISCAL,29,32,32,0,1,0,0,0,1,0,0,-0.8835472950711485
4873486,MASCULINO,CARANAVI,CARANAVI,BOLIVIANO CUBANO,FISCAL,37,11,15,0,1,0,0,0,1,0,0,0.21242366103115168
4874448,MASCULINO,MURILLO,LA PAZ,UNIDAD EDUCATIVA DOMINGO SAVIO,CONVENIO,31,32,44,0,1,0,0,1,0,0,0,-0.6095545560455734
4875235,MASCULINO,MURILLO,LA PAZ,SAN ANTONIO DE PADUA,PRIVADA,30,32,44,0,1,0,0,0,0,0,1,-0.7465509255583609
4875674,MASCULINO,MURILLO,LA PAZ,ANGELUS MARITAINE,PRIVADA,35,32,44,0,1,0,0,0,0,0,1,-0.06156907799442335
4875806,MASCULINO,MURILLO,LA PAZ,INSTITUTO AMERICANO,PRIVADA,35,32,44,0,1,0,0,0,0,0,1,-0.06156907799442335
4876159,MASCULINO,MURILLO,LA PAZ,GERMAN BUSCH,FISCAL,38,32,44,0,1,0,0,0,1,0,0,0.3494200305439392
4876582,MASCULINO,MURILLO,LA PAZ,INSTITUTO AMERICANO Y CEMA LA PAZ II,CEMA,40,32,44,0,1,0,1,0,0,0,0,0.6234127695695142
4877664,FEMENINO,ANDRES IBANEZ,SANTA CRUZ,LOS PINOS,PRIVADA,31,3,68,1,0,0,0,0,0,0,1,-0.6095545560455734
4878072,MASCULINO,MURILLO,LA PAZ,SAN CALIXTO,FISCAL,52,32,44,0,1,0,0,0,1,0,0,2.2673692037229642
4878304,MASCULINO,MURILLO,LA PAZ,SAGRADOS CORAZONES,PRIVADA,31,32,44,0,1,0,0,0,0,0,1,-0.6095545560455734
4878769,MASCULINO,MURILLO,LA PAZ,FRANCO BOLIVIANO,CONVENIO,29,32,44,0,1,0,0,1,0,0,0,-0.8835472950711485
4879305,MASCULINO,MURILLO,EL ALTO,UNIDAD EDUCATIVA MCAL.JOSE BALLIVIAN,FISCAL,46,32,32,0,1,0,0,0,1,0,0,1.4453909866462393
4879354,MASCULINO,MURILLO,LA PAZ,MAYOR DE SAN GENARO,PRIVADA,35,32,44,0,1,0,0,0,0,0,1,-0.06156907799442335
4880554,MASCULINO,MURILLO,LA PAZ,GUALBERTO VILLARROEL,CEMA,33,32,44,0,1,0,1,0,0,0,0,-0.3355618170199984
4880605,FEMENINO,MURILLO,LA PAZ,LICEO LA PAZ,FISCAL,37,32,44,1,0,0,0,0,1,0,0,0.21242366103115168
4882003,MASCULINO,MURILLO,LA PAZ,JULIAN APAZA,FISCAL,36,32,44,0,1,0,0,0,1,0,0,0.07542729151836416
4882324,FEMENINO,MURILLO,LA PAZ,FRANCO BOLIVIANO,PRIVADA,33,32,44,1,0,0,0,0,0,0,1,-0.3355618170199984
4882712,MASCULINO,MURILLO,LA PAZ,LEONARDO DA VINCI,PRIVADA,30,32,44,0,1,0,0,0,0,0,1,-0.7465509255583609
4883159,MASCULINO,MURILLO,LA PAZ,SAN IGNACIO,PRIVADA,33,32,44,0,1,0,0,0,0,0,1,-0.3355618170199984
4883175,FEMENINO,MURILLO,LA PAZ,INSTITUTO AMERICANO,PRIVADA,32,32,44,1,0,0,0,0,0,0,1,-0.4725581865327859
4883402,MASCULINO,MURILLO,LA PAZ,SAN IGNACIO,PRIVADA,30,32,44,0,1,0,0,0,0,0,1,-0.7465509255583609
4883523,FEMENINO,MURILLO,LA PAZ,DON BOSCO PAMPAHASI,CONVENIO,39,32,44,1,0,0,0,1,0,0,0,0.4864164000567267
4883578,MASCULINO,MURILLO,LA PAZ,ANGLO AMERICANO,PRIVADA,31,32,44,0,1,0,0,0,0,0,1,-0.6095545560455734
4884717,FEMENINO,MURILLO,LA PAZ,INSTITUTO AMERICANO,PRIVADA,34,32,44,1,0,0,0,0,0,0,1,-0.19856544750721086
4884820,MASCULINO,MURILLO,LA PAZ,INSTITUTO AMERICANO,PRIVADA,31,32,44,0,1,0,0,0,0,0,1,-0.6095545560455734
4884972,FEMENINO,MURILLO,EL ALTO,ELIZARDO PEREZ,FISCAL,32,32,32,1,0,0,0,0,1,0,0,-0.4725581865327859
4885387,MASCULINO,MURILLO,LA PAZ,SAN FRANCISCO DE LA TERCERA ORDEN,PRIVADA,29,32,44,0,1,0,0,0,0,0,1,-0.8835472950711485
4885403,MASCULINO,MURILLO,LA PAZ,ITALO BOLIVIANO CRISTOFORO COLOMBO,PRIVADA,31,32,44,0,1,0,0,0,0,0,1,-0.6095545560455734
4885452,FEMENINO,MURILLO,LA PAZ,AVE MARIA,PRIVADA,32,32,44,1,0,0,0,0,0,0,1,-0.4725581865327859
4885576,MASCULINO,MURILLO,LA PAZ,CENTRO EDUCATIVO CRISTIANO BRTHEL,FISCAL,51,32,44,0,1,0,0,0,1,0,0,2.130372834210177
4885684,MASCULINO,MURILLO,LA PAZ,CUMBRE,PRIVADA,33,32,44,0,1,0,0,0,0,0,1,-0.3355618170199984
4886206,MASCULINO,MURILLO,LA PAZ,FERROVIARIO,FISCAL,45,32,44,0,1,0,0,0,1,0,0,1.3083946171334517
4886576,NO RESPONDE,MURILLO,LA PAZ,SAN CALIXTO,FISCAL,52,32,44,0,0,1,0,0,1,0,0,2.2673692037229642
4888236,MASCULINO,MURILLO,LA PAZ,SAN CALIXTO,FISCAL,16,32,44,0,1,0,0,0,1,0,0,-2.664500098737386
4888826,MASCULINO,MURILLO,LA PAZ,U. E. SIMON BOLIVAR 1,FISCAL,36,32,44,0,1,0,0,0,1,0,0,0.07542729151836416
4889019,FEMENINO,MURILLO,LA PAZ,LICEO REP DE FRANCIA,FISCAL,45,32,44,1,0,0,0,0,1,0,0,1.3083946171334517
4889592,MASCULINO,AROMA,LA PAZ,CEA DANIEL SANCHEZ BUSTAMANTE,FISCAL,39,6,44,0,1,0,0,0,1,0,0,0.4864164000567267
4889722,MASCULINO,MURILLO,LA PAZ,FRANZ TAMAYO,FISCAL,41,32,44,0,1,0,0,0,1,0,0,0.7604091390823018
4890463,FEMENINO,MURILLO,LA PAZ,EMMANUEL,PRIVADA,44,32,44,1,0,0,0,0,0,0,1,1.1713982476206644
4890663,MASCULINO,MURILLO,LA PAZ,CEA DANIEL SANCHEZ BUSTAMANTE,FISCAL,46,32,44,0,1,0,0,0,1,0,0,1.4453909866462393
4890798,MASCULINO,MURILLO,LA PAZ,SAN AGUSTIN,PRIVADA,32,32,44,0,1,0,0,0,0,0,1,-0.4725581865327859
4891593,FEMENINO,MURILLO,LA PAZ,SAN CALIXTO,FISCAL,52,32,44,1,0,0,0,0,1,0,0,2.2673692037229642
4891672,MASCULINO,MURILLO,LA PAZ,FF. AA. DE LA NACION,FISCAL,38,32,44,0,1,0,0,0,1,0,0,0.3494200305439392
4892082,MASCULINO,MURILLO,LA PAZ,ANTONIO DIAS VILLAMIL,FISCAL,42,32,44,0,1,0,0,0,1,0,0,0.8974055085950893
4892163,FEMENINO,MURILLO,LA PAZ,PANTALEON DALENCE,PRIVADA,35,32,44,1,0,0,0,0,0,0,1,-0.06156907799442335
4892469,FEMENINO,OTRO,COCHABAMBA,CHANOCAHUA,FISCAL,31,38,23,1,0,0,0,0,1,0,0,-0.6095545560455734
4893537,MASCULINO,MURILLO,LA PAZ,SAN JAVIER,FISCAL,42,32,44,0,1,0,0,0,1,0,0,0.8974055085950893
4894112,MASCULINO,NOR YUNGAS,LA PAZ,AVE MARIA,PRIVADA,32,34,44,0,1,0,0,0,0,0,1,-0.4725581865327859
4894672,FEMENINO,MURILLO,LA PAZ,SAGRADOS CORAZONES,PRIVADA,28,32,44,1,0,0,0,0,0,0,1,-1.0205436645839359
4895595,FEMENINO,MURILLO,LA PAZ,ROSA GATTORNO,PRIVADA,33,32,44,1,0,0,0,0,0,0,1,-0.3355618170199984
4895604,MASCULINO,MURILLO,LA PAZ,SAN CALIXTO,FISCAL,48,32,44,0,1,0,0,0,1,0,0,1.7193837256718143
4895614,MASCULINO,MURILLO,LA PAZ,COSMOS 79,FISCAL,34,32,44,0,1,0,0,0,1,0,0,-0.19856544750721086
4896231,MASCULINO,MURILLO,LA PAZ,SAN CALIXTO,FISCAL,30,32,44,0,1,0,0,0,1,0,0,-0.7465509255583609
4897215,MASCULINO,MURILLO,LA PAZ,DSN FRAMCISCO DE BORJA,FISCAL,31,32,44,0,1,0,0,0,1,0,0,-0.6095545560455734
4897397,MASCULINO,MURILLO,LA PAZ,GENESIS,FISCAL,35,32,44,0,1,0,0,0,1,0,0,-0.06156907799442335
4898340,MASCULINO,MURILLO,LA PAZ,UNIDAD EDUCATIVA SAN ANCRES,CONVENIO,34,32,44,0,1,0,0,1,0,0,0,-0.19856544750721086
4898484,FEMENINO,LOAYZA,MALLACHUMA,CARLOS ANDRES PEREZ,FISCAL,45,27,48,1,0,0,0,0,1,0,0,1.3083946171334517
4899005,MASCULINO,MURILLO,LA PAZ,COLEGIO NACIONAL SAN SIMON DE AYACUCHO,FISCAL,42,32,44,0,1,0,0,0,1,0,0,0.8974055085950893
4899441,FEMENINO,INQUISIVI,COLQUIRI,U.E.,FISCAL,36,23,24,1,0,0,0,0,1,0,0,0.07542729151836416
4900145,MASCULINO,MURILLO,LA PAZ,SIMON BOLIVAR,FISCAL,29,32,44,0,1,0,0,0,1,0,0,-0.8835472950711485
4901325,MASCULINO,NOR YUNGAS,LA PAZ,SIMON RODRIGUES CARRENO,FISCAL,36,34,44,0,1,0,0,0,1,0,0,0.07542729151836416
4901530,MASCULINO,MURILLO,LA PAZ,SAN FRANCISCO,PRIVADA,40,32,44,0,1,0,0,0,0,0,1,0.6234127695695142
4901771,MASCULINO,MURILLO,LA PAZ,BOLIVA II,FISCAL,36,32,44,0,1,0,0,0,1,0,0,0.07542729151836416
4901777,NO RESPONDE,MURILLO,LA PAZ,SAN CALIXTO,FISCAL,52,32,44,0,0,1,0,0,1,0,0,2.2673692037229642
4901915,MASCULINO,MURILLO,LA PAZ,BOLIVIANO NORUEGO,PRIVADA,38,32,44,0,1,0,0,0,0,0,1,0.3494200305439392
4902384,MASCULINO,MURILLO,LA PAZ,ANGELUS MARITAINE,PRIVADA,35,32,44,0,1,0,0,0,0,0,1,-0.06156907799442335
4902423,MASCULINO,MURILLO,LA PAZ,UNIDAD EDUCATIVA HERNANDO SILES REYES,FISCAL,29,32,44,0,1,0,0,0,1,0,0,-0.8835472950711485
4902528,FEMENINO,LARECAJA,GUANAY,UNIDAD EDUCATIVA BOLIVIA,FISCAL,45,26,34,1,0,0,0,0,1,0,0,1.3083946171334517
4903721,MASCULINO,MURILLO,LA PAZ,SANTA CRUZ,FISCAL,45,32,44,0,1,0,0,0,1,0,0,1.3083946171334517
4904503,MASCULINO,OTRO,OTRO,AVE MAIA,PRIVADA,34,38,51,0,1,0,0,0,0,0,1,-0.19856544750721086
4905320,FEMENINO,MURILLO,LA PAZ,LICEO LA PAZ,FISCAL,46,32,44,1,0,0,0,0,1,0,0,1.4453909866462393
4906003,MASCULINO,MURILLO,LA PAZ,SAN DAMIAN DE VEUSTER,CONVENIO,33,32,44,0,1,0,0,1,0,0,0,-0.3355618170199984
4906391,MASCULINO,MURILLO,LA PAZ,NAVAL,FISCAL,28,32,44,0,1,0,0,0,1,0,0,-1.0205436645839359
4906895,MASCULINO,MURILLO,LA PAZ,HORIZONTES,FISCAL,33,32,44,0,1,0,0,0,1,0,0,-0.3355618170199984
4907141,MASCULINO,MURILLO,LA PAZ,ESCUELA INDUSTRIAL SUPERIOR PEDRO DOMINGO MURILLO,FISCAL,46,32,44,0,1,0,0,0,1,0,0,1.4453909866462393
4907320,NO RESPONDE,MURILLO,LA PAZ,UNIDAD EDU. GERMAN BUSCH,FISCAL,35,32,44,0,0,1,0,0,1,0,0,-0.06156907799442335
4907701,MASCULINO,MURILLO,LA PAZ,REVERNDO PADRE ESTEBAN BERTOLUSSO,PRIVADA,32,32,44,0,1,0,0,0,0,0,1,-0.4725581865327859
4908728,FEMENINO,MURILLO,LA PAZ,LORETTO,PRIVADA,32,32,44,1,0,0,0,0,0,0,1,-0.4725581865327859
4908754,MASCULINO,MURILLO,LA PAZ,MONTSERRAT COLLEGE,PRIVADA,43,32,44,0,1,0,0,0,0,0,1,1.0344018781078768
4908804,FEMENINO,MURILLO,LA PAZ,CEFI,PRIVADA,33,32,44,1,0,0,0,0,0,0,1,-0.3355618170199984
4908920,MASCULINO,MURILLO,LA PAZ,GUALBERTO VILLARROEL,FISCAL,45,32,44,0,1,0,0,0,1,0,0,1.3083946171334517
4909302,MASCULINO,MURILLO,LA PAZ,SAN LUIS,FISCAL,43,32,44,0,1,0,0,0,1,0,0,1.0344018781078768
4909449,MASCULINO,MURILLO,LA PAZ,ABRAHAM REYES,CONVENIO,33,32,44,0,1,0,0,1,0,0,0,-0.3355618170199984
4910273,MASCULINO,MURILLO,LA PAZ,GUALBERTO VILLARROEL,FISCAL,35,32,44,0,1,0,0,0,1,0,0,-0.06156907799442335
4910605,MASCULINO,MURILLO,LA PAZ,GUALBERTO VILLARROEL,FISCAL,28,32,44,0,1,0,0,0,1,0,0,-1.0205436645839359
4911025,MASCULINO,MURILLO,LA PAZ,CEMA MIRAFLORES,FISCAL,43,32,44,0,1,0,0,0,1,0,0,1.0344018781078768
4912733,FEMENINO,MURILLO,LA PAZ,COLEGIO PARTICULAR,PRIVADA,39,32,44,1,0,0,0,0,0,0,1,0.4864164000567267
4912746,FEMENINO,MURILLO,LA PAZ,"""VIDA NUEVA""",CONVENIO,31,32,44,1,0,0,0,1,0,0,0,-0.6095545560455734
4913152,MASCULINO,MURILLO,LA PAZ,DON BOSCO,CONVENIO,37,32,44,0,1,0,0,1,0,0,0,0.21242366103115168
4914137,MASCULINO,MURILLO,LA PAZ,SAN CALIXTO,FISCAL,16,32,44,0,1,0,0,0,1,0,0,-2.664500098737386
4914509,MASCULINO,MURILLO,LA PAZ,MAX VALDIVIA,CONVENIO,31,32,44,0,1,0,0,1,0,0,0,-0.6095545560455734
4915312,FEMENINO,MURILLO,LA PAZ,INSTITUTO AMERICANO,FISCAL,43,32,44,1,0,0,0,0,1,0,0,1.0344018781078768
4916041,MASCULINO,MURILLO,LA PAZ,AVE MARIA,PRIVADA,35,32,44,0,1,0,0,0,0,0,1,-0.06156907799442335
4916208,MASCULINO,MURILLO,LA PAZ,NATALIA PALACIOS,FISCAL,34,32,44,0,1,0,0,0,1,0,0,-0.19856544750721086
4916849,MASCULINO,MURILLO,LA PAZ,AVE MARIA,PRIVADA,29,32,44,0,1,0,0,0,0,0,1,-0.8835472950711485
4916931,MASCULINO,MURILLO,LA PAZ,JUAN CAPRILES,FISCAL,44,32,44,0,1,0,0,0,1,0,0,1.1713982476206644
4917357,MASCULINO,MURILLO,LA PAZ,AMERICAN SCHOOL,PRIVADA,33,32,44,0,1,0,0,0,0,0,1,-0.3355618170199984
4917781,FEMENINO,MURILLO,LA PAZ,RENE BARRIENTOS ORTUNO,FISCAL,30,32,44,1,0,0,0,0,1,0,0,-0.7465509255583609
4917849,MASCULINO,MURILLO,LA PAZ,SANTISIMA TRINIDAD,PRIVADA,30,32,44,0,1,0,0,0,0,0,1,-0.7465509255583609
4917999,MASCULINO,MURILLO,LA PAZ,EXP.HUGO DAVILA T.M,FISCAL,36,32,44,0,1,0,0,0,1,0,0,0.07542729151836416
4918110,FEMENINO,MURILLO,LA PAZ,MONTESSORI,PRIVADA,28,32,44,1,0,0,0,0,0,0,1,-1.0205436645839359
4918890,MASCULINO,MURILLO,LA PAZ,COL.NAL.ANTONIO DIAZ VILLAMIL,FISCAL,30,32,44,0,1,0,0,0,1,0,0,-0.7465509255583609
4918976,FEMENINO,MURILLO,LA PAZ,SAN CALIXTO,FISCAL,42,32,44,1,0,0,0,0,1,0,0,0.8974055085950893
4919424,FEMENINO,MURILLO,LA PAZ,LOS PINOS,PRIVADA,33,32,44,1,0,0,0,0,0,0,1,-0.3355618170199984
4920392,MASCULINO,MURILLO,LA PAZ,SAN FRANCISCO,PRIVADA,29,32,44,0,1,0,0,0,0,0,1,-0.8835472950711485
4920423,MASCULINO,MURILLO,LA PAZ,INSTITUTO DE EDUCACION BANCARIA (IDEB),PRIVADA,33,32,44,0,1,0,0,0,0,0,1,-0.3355618170199984
4920430,FEMENINO,MURILLO,LA PAZ,SAN IGNACIO,PRIVADA,29,32,44,1,0,0,0,0,0,0,1,-0.8835472950711485
4920616,MASCULINO,MURILLO,LA PAZ,SAN CALIXTO,FISCAL,37,32,44,0,1,0,0,0,1,0,0,0.21242366103115168
4920722,MASCULINO,MURILLO,LA PAZ,SAN ANTONIO,PRIVADA,30,32,44,0,1,0,0,0,0,0,1,-0.7465509255583609
4921766,MASCULINO,MURILLO,EL ALTO,JULIAN APAZA,FISCAL,34,32,32,0,1,0,0,0,1,0,0,-0.19856544750721086
4921802,MASCULINO,MURILLO,LA PAZ,ANTONIO DIAZ VILLAMIL,FISCAL,44,32,44,0,1,0,0,0,1,0,0,1.1713982476206644
4922225,FEMENINO,MURILLO,LA PAZ,LICEO LA PAZ,FISCAL,47,32,44,1,0,0,0,0,1,0,0,1.582387356159027
4922285,MASCULINO,MURILLO,LA PAZ,GERMAN BUSCH,FISCAL,33,32,44,0,1,0,0,0,1,0,0,-0.3355618170199984
4922425,MASCULINO,MURILLO,LA PAZ,MANUEL VICENTE BALLIVIAN,FISCAL,41,32,44,0,1,0,0,0,1,0,0,0.7604091390823018
4923736,FEMENINO,MURILLO,LA PAZ,SAN MARCOS,PRIVADA,44,32,44,1,0,0,0,0,0,0,1,1.1713982476206644
4923798,MASCULINO,NOR YUNGAS,CORIPATA,HUAYNA POTOSI,FISCAL,44,34,27,0,1,0,0,0,1,0,0,1.1713982476206644
4924218,FEMENINO,MURILLO,LA PAZ,LA SALLE,PRIVADA,33,32,44,1,0,0,0,0,0,0,1,-0.3355618170199984
4925367,FEMENINO,MURILLO,LA PAZ,UNIDAD EDUCATIVA DEL EJERCITO,PRIVADA,30,32,44,1,0,0,0,0,0,0,1,-0.7465509255583609
4925728,MASCULINO,MURILLO,LA PAZ,GRAL. JOSE DE SAN MARTIN,FISCAL,28,32,44,0,1,0,0,0,1,0,0,-1.0205436645839359
4925729,MASCULINO,MURILLO,LA PAZ,GRAL JOSE DE SAN MARTIN,FISCAL,28,32,44,0,1,0,0,0,1,0,0,-1.0205436645839359
4925796,MASCULINO,MURILLO,LA PAZ,"VESPERTINO ""VENEZUELA""",FISCAL,45,32,44,0,1,0,0,0,1,0,0,1.3083946171334517
4925884,MASCULINO,MURILLO,LA PAZ,LOS PINOS,PRIVADA,35,32,44,0,1,0,0,0,0,0,1,-0.06156907799442335
4925990,FEMENINO,MURILLO,EL ALTO,JUAN CAPRILES,FISCAL,32,32,32,1,0,0,0,0,1,0,0,-0.4725581865327859
4926104,MASCULINO,MURILLO,LA PAZ,IRENE NAVA DE CASTILLO,CONVENIO,41,32,44,0,1,0,0,1,0,0,0,0.7604091390823018
4926434,MASCULINO,MURILLO,LA PAZ,ISMAEL MONTES,FISCAL,41,32,44,0,1,0,0,0,1,0,0,0.7604091390823018
4926754,MASCULINO,OMASUYOS,HUATAJATA,COL. HUATAJATA,FISCAL,44,35,37,0,1,0,0,0,1,0,0,1.1713982476206644
4927313,NO RESPONDE,MURILLO,LA PAZ,LICEO NACIONAL BOLIVIA,FISCAL,44,32,44,0,0,1,0,0,1,0,0,1.1713982476206644
4927604,MASCULINO,LOAYZA,LURIBAAY,U. E. MODELO SIMON BOLIVAR,FISCAL,48,27,47,0,1,0,0,0,1,0,0,1.7193837256718143
4927847,MASCULINO,BUSTILLO,LLALLAGUA,ALFREDO VARGAS,FISCAL,38,9,46,0,1,0,0,0,1,0,0,0.3494200305439392
4927912,MASCULINO,MURILLO,LA PAZ,SIMON BOLIVAR,FISCAL,44,32,44,0,1,0,0,0,1,0,0,1.1713982476206644
4927985,MASCULINO,MANCO KAPAC,LA PAZ,SAN SIMON DE AYACUCHO,FISCAL,43,29,44,0,1,0,0,0,1,0,0,1.0344018781078768
4928497,MASCULINO,MURILLO,LA PAZ,SAN CALIXTO,FISCAL,52,32,44,0,1,0,0,0,1,0,0,2.2673692037229642
4929252,MASCULINO,MURILLO,LA PAZ,INSTITUTO AMERICANO,PRIVADA,44,32,44,0,1,0,0,0,0,0,1,1.1713982476206644
4929598,MASCULINO,MURILLO,LA PAZ,SAN CALIXTO,FISCAL,16,32,44,0,1,0,0,0,1,0,0,-2.664500098737386
4930178,MASCULINO,MURILLO,LA PAZ,"UNIDAD EDUCATIVA 6 DE JUNIO ""A""",FISCAL,28,32,44,0,1,0,0,0,1,0,0,-1.0205436645839359
4930453,MASCULINO,MURILLO,LA PAZ,SERGIO MAURICIO VILLEGAS,FISCAL,43,32,44,0,1,0,0,0,1,0,0,1.0344018781078768
4930605,MASCULINO,SUD YUNGAS,IRUPANA,FELIX EGUINO ZABALLA,CEMA,43,47,39,0,1,0,1,0,0,0,0,1.0344018781078768
4930767,MASCULINO,MURILLO,LA PAZ,FRANCO BOLIVIANO,PRIVADA,31,32,44,0,1,0,0,0,0,0,1,-0.6095545560455734
4930904,MASCULINO,MURILLO,LA PAZ,GUALBERTO VILLARROEL,FISCAL,31,32,44,0,1,0,0,0,1,0,0,-0.6095545560455734
4931019,FEMENINO,MURILLO,LA PAZ,SAN ANTONIO DE PADUA,PRIVADA,32,32,44,1,0,0,0,0,0,0,1,-0.4725581865327859
4933267,MASCULINO,MURILLO,LA PAZ,LIBERTADORES DE AMERICA,PRIVADA,31,32,44,0,1,0,0,0,0,0,1,-0.6095545560455734
4934732,MASCULINO,MURILLO,LA PAZ,SANTA ANA,PRIVADA,32,32,44,0,1,0,0,0,0,0,1,-0.4725581865327859
4934880,MASCULINO,MURILLO,LA PAZ,INSTITUTO AMERICANO,CONVENIO,34,32,44,0,1,0,0,1,0,0,0,-0.19856544750721086
4935970,MASCULINO,MURILLO,LA PAZ,SAN CALIXTO,PRIVADA,36,32,44,0,1,0,0,0,0,0,1,0.07542729151836416
4936017,MASCULINO,MURILLO,LA PAZ,"SANTA MARIA ""CENAFI""",PRIVADA,29,32,44,0,1,0,0,0,0,0,1,-0.8835472950711485
4936627,MASCULINO,MURILLO,LA PAZ,LOS AMIGOS,PRIVADA,36,32,44,0,1,0,0,0,0,0,1,0.07542729151836416
4936633,MASCULINO,MURILLO,LA PAZ,ALFREDO VARGAS,FISCAL,34,32,44,0,1,0,0,0,1,0,0,-0.19856544750721086
4936741,FEMENINO,MURILLO,LA PAZ,SAN CALIXTO,PRIVADA,36,32,44,1,0,0,0,0,0,0,1,0.07542729151836416
4937051,FEMENINO,MURILLO,LA PAZ,TOPATER,FISCAL,30,32,44,1,0,0,0,0,1,0,0,-0.7465509255583609
4937283,MASCULINO,MURILLO,LA PAZ,GERMAN BUSCH,FISCAL,31,32,44,0,1,0,0,0,1,0,0,-0.6095545560455734
4937362,MASCULINO,MURILLO,LA PAZ,CEMA GUALBERTO VILLARROEL D.P. 2,CEMA,43,32,44,0,1,0,1,0,0,0,0,1.0344018781078768
4937384,MASCULINO,MURILLO,LA PAZ,DON BOSCO,FISCAL,31,32,44,0,1,0,0,0,1,0,0,-0.6095545560455734
4937489,MASCULINO,MURILLO,LA PAZ,SAN CALIXTO,PRIVADA,31,32,44,0,1,0,0,0,0,0,1,-0.6095545560455734
4937721,MASCULINO,MURILLO,LA PAZ,SAN IGNACIO,PRIVADA,33,32,44,0,1,0,0,0,0,0,1,-0.3355618170199984
4938347,FEMENINO,MURILLO,LA PAZ,SAN CALIXTO,FISCAL,31,32,44,1,0,0,0,0,1,0,0,-0.6095545560455734
4938399,NO RESPONDE,MURILLO,LA PAZ,SAN CALIXTO,FISCAL,16,32,44,0,0,1,0,0,1,0,0,-2.664500098737386
4938544,FEMENINO,MURILLO,LA PAZ,DORA SCHMIDT,FISCAL,37,32,44,1,0,0,0,0,1,0,0,0.21242366103115168
4938834,NO RESPONDE,MURILLO,LA PAZ,SAN CALIXTO,FISCAL,52,32,44,0,0,1,0,0,1,0,0,2.2673692037229642
4939172,MASCULINO,MURILLO,LA PAZ,SAN CALIXTO,FISCAL,52,32,44,0,1,0,0,0,1,0,0,2.2673692037229642
4939372,MASCULINO,MURILLO,LA PAZ,SAN FRANCISCO DE LA T. O.,PRIVADA,40,32,44,0,1,0,0,0,0,0,1,0.6234127695695142
4939770,MASCULINO,MURILLO,LA PAZ,"SAN LUIS ""FE Y ALEGRIA""",FISCAL,29,32,44,0,1,0,0,0,1,0,0,-0.8835472950711485
4939882,MASCULINO,MURILLO,LA PAZ,EDUARDO AVAROA,PRIVADA,35,32,44,0,1,0,0,0,0,0,1,-0.06156907799442335
4940054,FEMENINO,MURILLO,LA PAZ,HEROES DEL PACIFICO,FISCAL,31,32,44,1,0,0,0,0,1,0,0,-0.6095545560455734
4940345,FEMENINO,MURILLO,EL ALTO,U. E. UNION EUROPEA,FISCAL,34,32,32,1,0,0,0,0,1,0,0,-0.19856544750721086
4943475,MASCULINO,MURILLO,LA PAZ,GERMAN BUSCH,FISCAL,35,32,44,0,1,0,0,0,1,0,0,-0.06156907799442335
4945371,MASCULINO,MURILLO,EL ALTO,UNIDAD EDUCATIVA DE LA FUERZA AEREA BOLIVIANA,PRIVADA,34,32,32,0,1,0,0,0,0,0,1,-0.19856544750721086
4945463,FEMENINO,CARANGAS,SAN MIGUEL,U.E. CESAR CHAVEZ TABORGA,FISCAL,50,12,67,1,0,0,0,0,1,0,0,1.9933764646973895
4945745,MASCULINO,MURILLO,LA PAZ,SAN CALIXTO,FISCAL,16,32,44,0,1,0,0,0,1,0,0,-2.664500098737386
4947992,FEMENINO,MUÑECAS,LA PAZ,CEMA FRANZ TAMAYO,FISCAL,49,33,44,1,0,0,0,0,1,0,0,1.856380095184602
4949105,MASCULINO,MURILLO,LA PAZ,SAN CALIXTO,FISCAL,16,32,44,0,1,0,0,0,1,0,0,-2.664500098737386
4949545,MASCULINO,MURILLO,EL ALTO,CENTRO EDUCATIVO MUTUAL LA PAZ,PRIVADA,34,32,32,0,1,0,0,0,0,0,1,-0.19856544750721086
4949980,MASCULINO,INGAVI,VIACHA,BASIL MILLER,PRIVADA,49,22,78,0,1,0,0,0,0,0,1,1.856380095184602
4950424,NO RESPONDE,OMASUYOS,COPANCARA,KARHUIZA,FISCAL,41,35,26,0,0,1,0,0,1,0,0,0.7604091390823018
4950711,MASCULINO,MURILLO,LA PAZ,HOLANDES,CEMA,37,32,44,0,1,0,1,0,0,0,0,0.21242366103115168
4953587,MASCULINO,MURILLO,EL ALTO,CONVIFACG,FISCAL,33,32,32,0,1,0,0,0,1,0,0,-0.3355618170199984
4960355,MASCULINO,MURILLO,EL ALTO,MARCELO QUIROGA SANTA CRUZ,FISCAL,46,32,32,0,1,0,0,0,1,0,0,1.4453909866462393
4961804,FEMENINO,PACAJES,LA PAZ,NAL. MIXTO SIMON BOLIVAR,FISCAL,44,39,44,1,0,0,0,0,1,0,0,1.1713982476206644
4964208,MASCULINO,MURILLO,EL ALTO,U.E. FERNANDO BRAVO,CONVENIO,32,32,32,0,1,0,0,1,0,0,0,-0.4725581865327859
4965300,FEMENINO,MURILLO,LA PAZ,SAN CALIXTO,FISCAL,16,32,44,1,0,0,0,0,1,0,0,-2.664500098737386
4965450,MASCULINO,MURILLO,LA PAZ,NESTOR PAZAMORA,FISCAL,44,32,44,0,1,0,0,0,1,0,0,1.1713982476206644
4965518,FEMENINO,MURILLO,EL ALTO,LUIS ESPINAL,CONVENIO,34,32,32,1,0,0,0,1,0,0,0,-0.19856544750721086
4965759,MASCULINO,MURILLO,LA PAZ,SAN LUIS DE FE Y ALEGRIA,FISCAL,35,32,44,0,1,0,0,0,1,0,0,-0.06156907799442335
4977007,MASCULINO,PACAJES,EL ALTO,"UNIDAD EDUCATIVA ""LA PAZ""",FISCAL,35,39,32,0,1,0,0,0,1,0,0,-0.06156907799442335
4978974,MASCULINO,MURILLO,LA PAZ,PANTALEON DALENCE,PRIVADA,33,32,44,0,1,0,0,0,0,0,1,-0.3355618170199984
4979539,MASCULINO,MURILLO,EL ALTO,SHALOM,PRIVADA,33,32,32,0,1,0,0,0,0,0,1,-0.3355618170199984
4979847,FEMENINO,MURILLO,LA PAZ,6 DE JUNIO,FISCAL,43,32,44,1,0,0,0,0,1,0,0,1.0344018781078768
4980135,FEMENINO,MURILLO,EL ALTO,TNT.CORONEL RAFAEL PABON,FISCAL,46,32,32,1,0,0,0,0,1,0,0,1.4453909866462393
4980245,MASCULINO,MURILLO,LA PAZ,SAN CALIXTO,FISCAL,52,32,44,0,1,0,0,0,1,0,0,2.2673692037229642
4980440,FEMENINO,MURILLO,LA PAZ,CENTRO EDUCATIVO CRISTIANO BRTHEL,FISCAL,46,32,44,1,0,0,0,0,1,0,0,1.4453909866462393
4980869,MASCULINO,MURILLO,LA PAZ,SAN CALIXTO,FISCAL,52,32,44,0,1,0,0,0,1,0,0,2.2673692037229642
4981131,MASCULINO,MURILLO,LA PAZ,ASDASD,FISCAL,46,32,44,0,1,0,0,0,1,0,0,1.4453909866462393
4981225,MASCULINO,MURILLO,EL ALTO,HOLANDES,PRIVADA,33,32,32,0,1,0,0,0,0,0,1,-0.3355618170199984
4981421,MASCULINO,OMASUYOS,LA PAZ,ANCORAIMAS,FISCAL,45,35,44,0,1,0,0,0,1,0,0,1.3083946171334517
4983475,MASCULINO,MURILLO,LA PAZ,HEROES DE BOQUERON,PRIVADA,45,32,44,0,1,0,0,0,0,0,1,1.3083946171334517
4987230,FEMENINO,MURILLO,LA PAZ,INSTITUTO AMERICANO,PRIVADA,32,32,44,1,0,0,0,0,0,0,1,-0.4725581865327859
4988626,FEMENINO,MURILLO,EL ALTO,"""ANDRES BELLO""",FISCAL,34,32,32,1,0,0,0,0,1,0,0,-0.19856544750721086
4990512,FEMENINO,MURILLO,EL ALTO,NAZARENO BASIL MILLER,PRIVADA,28,32,32,1,0,0,0,0,0,0,1,-1.0205436645839359
4991389,MASCULINO,MURILLO,EL ALTO,NOCTURNO NUEVA ESPERANZA,FISCAL,43,32,32,0,1,0,0,0,1,0,0,1.0344018781078768
4991801,FEMENINO,MURILLO,EL ALTO,RAFAEL MENDOZA CASTELLON,FISCAL,32,32,32,1,0,0,0,0,1,0,0,-0.4725581865327859
4991980,MASCULINO,MURILLO,LA PAZ,MIGUEL GRAU,FISCAL,45,32,44,0,1,0,0,0,1,0,0,1.3083946171334517
4992355,MASCULINO,DANIEL CAMPOS,VILLA VICTORIA,SANTA BARBARA,PRIVADA,44,15,80,0,1,0,0,0,0,0,1,1.1713982476206644
4993758,FEMENINO,MURILLO,LA PAZ,PUERTO DE ROSARIO,FISCAL,42,32,44,1,0,0,0,0,1,0,0,0.8974055085950893
4995154,MASCULINO,MURILLO,LA PAZ,CEDEIN 6 DE MARZO,PRIVADA,39,32,44,0,1,0,0,0,0,0,1,0.4864164000567267
4995248,MASCULINO,MURILLO,LA PAZ,UNION EUROPEA B,FISCAL,30,32,44,0,1,0,0,0,1,0,0,-0.7465509255583609
4996438,MASCULINO,MURILLO,LA PAZ,SAN INGACIO DE LOYOLA,PRIVADA,41,32,44,0,1,0,0,0,0,0,1,0.7604091390823018
4998390,MASCULINO,MURILLO,LA PAZ,SAN CALIXTO,FISCAL,34,32,44,0,1,0,0,0,1,0,0,-0.19856544750721086
4998821,FEMENINO,MURILLO,LA PAZ,COMUNIDAD EDUCATIVA SAGRADOS CORAZONES,PRIVADA,41,32,44,1,0,0,0,0,0,0,1,0.7604091390823018
4998964,FEMENINO,MURILLO,LA PAZ,HOLANDES,PRIVADA,31,32,44,1,0,0,0,0,0,0,1,-0.6095545560455734
4999024,MASCULINO,MURILLO,EL ALTO,16 DE JULIO,PRIVADA,44,32,32,0,1,0,0,0,0,0,1,1.1713982476206644
4999377,MASCULINO,MURILLO,EL ALTO,SAGRADO CORAZON DE JESUS,PRIVADA,38,32,32,0,1,0,0,0,0,0,1,0.3494200305439392
5003843,MASCULINO,OTRO,TARIJA,SAN IGNACIO DE LOYOLA,PRIVADA,30,38,73,0,1,0,0,0,0,0,1,-0.7465509255583609
5050124,MASCULINO,GRAN CHACO,YACUIBA,ANTONIO DIAZ VILLAMIL,FISCAL,33,20,82,0,1,0,0,0,1,0,0,-0.3355618170199984
5136713,MASCULINO,ANTONIO QUIJARRO,UYUNI,COL. NAL.MIXTO,FISCAL,37,4,77,0,1,0,0,0,1,0,0,0.21242366103115168
5193929,MASCULINO,OTRO,COCHABAMBA,CUMBRE,PRIVADA,29,38,23,0,1,0,0,0,0,0,1,-0.8835472950711485
5253702,MASCULINO,MURILLO,LA PAZ,JOSE LUIS ZUARES GUZMAN,FISCAL,35,32,44,0,1,0,0,0,1,0,0,-0.06156907799442335
5275954,FEMENINO,OTRO,COCHABAMBA,AFRO AMERICANO,PRIVADA,30,38,23,1,0,0,0,0,0,0,1,-0.7465509255583609
5299780,MASCULINO,OTRO,COCHABAMBA,SAGRADOS CORAZONES,PRIVADA,30,38,23,0,1,0,0,0,0,0,1,-0.7465509255583609
5375891,FEMENINO,MURILLO,LA PAZ,VIDA Y VERDAD,PRIVADA,29,32,44,1,0,0,0,0,0,0,1,-0.8835472950711485
5470892,MASCULINO,MURILLO,LA PAZ,SAGRADO CORAZON DE JESUS,PRIVADA,43,32,44,0,1,0,0,0,0,0,1,1.0344018781078768
5471730,NO RESPONDE,MURILLO,LA PAZ,SAN CALIXTO,FISCAL,16,32,44,0,0,1,0,0,1,0,0,-2.664500098737386
5472625,MASCULINO,MURILLO,LA PAZ,SAN CALIXTO,FISCAL,16,32,44,0,1,0,0,0,1,0,0,-2.664500098737386
5477170,MASCULINO,OMASUYOS,LA PAZ,NAICIONAL MIXTO OMASUYOS,FISCAL,44,35,44,0,1,0,0,0,1,0,0,1.1713982476206644
5477944,MASCULINO,MURILLO,EL ALTO,ANTONIO`PAREDES CANDIA,FISCAL,43,32,32,0,1,0,0,0,1,0,0,1.0344018781078768
5478668,MASCULINO,MURILLO,LA PAZ,"CATOLICO ""SAN AGUSTIN""",PRIVADA,38,32,44,0,1,0,0,0,0,0,1,0.3494200305439392
5479261,NO RESPONDE,MURILLO,LA PAZ,SAN CALIXTO,FISCAL,16,32,44,0,0,1,0,0,1,0,0,-2.664500098737386
5480087,MASCULINO,LOS ANDES,PUCARANI,CEFI,PRIVADA,39,28,55,0,1,0,0,0,0,0,1,0.4864164000567267
5480332,MASCULINO,MURILLO,LA PAZ,FRANCO BOLIVIANO,PRIVADA,41,32,44,0,1,0,0,0,0,0,1,0.7604091390823018
5480335,MASCULINO,MURILLO,LA PAZ,UNIDAD EDUCATIVA LA PRIMERA,CONVENIO,35,32,44,0,1,0,0,1,0,0,0,-0.06156907799442335
5481708,MASCULINO,MURILLO,LA PAZ,VICENTE TEJADA,FISCAL,40,32,44,0,1,0,0,0,1,0,0,0.6234127695695142
5483158,MASCULINO,MURILLO,LA PAZ,SAN JORGE,PRIVADA,45,32,44,0,1,0,0,0,0,0,1,1.3083946171334517
5483622,FEMENINO,MURILLO,EL ALTO,EUFRASIEUFRASIO IBANEZ RIVERO,FISCAL,43,32,32,1,0,0,0,0,1,0,0,1.0344018781078768
5484493,MASCULINO,MURILLO,LA PAZ,JUVENAL MARIACA,FISCAL,32,32,44,0,1,0,0,0,1,0,0,-0.4725581865327859
5484723,MASCULINO,MURILLO,LA PAZ,SAN CALIXTO,FISCAL,16,32,44,0,1,0,0,0,1,0,0,-2.664500098737386
5504301,MASCULINO,BUSTILLO,LLALLAGUA,SIGLO XX AMERICA,FISCAL,41,9,46,0,1,0,0,0,1,0,0,0.7604091390823018
5515122,MASCULINO,SUD CHICAS,TUPIZA,TECNOLOGICO JOSE LUIS SAN JUAN GARCIA,FISCAL,39,45,76,0,1,0,0,0,1,0,0,0.4864164000567267
5521857,MASCULINO,MURILLO,LA PAZ,SAN JORGE,PRIVADA,30,32,44,0,1,0,0,0,0,0,1,-0.7465509255583609
5568881,MASCULINO,MURILLO,LA PAZ,MARCELO QUIROGA SANTA CRUZ,FISCAL,32,32,44,0,1,0,0,0,1,0,0,-0.4725581865327859
5589006,FEMENINO,MURILLO,LA PAZ,CEA LA PAZ II DON BOSCO,CEMA,44,32,44,1,0,0,1,0,0,0,0,1.1713982476206644
5591068,NO RESPONDE,ANDRES IBANEZ,SANTA CRUZ,SAN IGNACIO,PRIVADA,30,3,68,0,0,1,0,0,0,0,1,-0.7465509255583609
5600086,MASCULINO,MURILLO,LA PAZ,INGAVI 18 DE NOVIEMBRE,PRIVADA,41,32,44,0,1,0,0,0,0,0,1,0.7604091390823018
5604635,MASCULINO,OTRO,OTRO,HORACIO RIVERO EGUEZ,FISCAL,41,38,51,0,1,0,0,0,1,0,0,0.7604091390823018
5619417,FEMENINO,MURILLO,EL ALTO,SAN ANTONIO DE PADUA,PRIVADA,32,32,32,1,0,0,0,0,0,0,1,-0.4725581865327859
5623343,FEMENINO,ITURRALDE,LA PAZ,BON BOSCO,CEMA,41,24,44,1,0,0,1,0,0,0,0,0.7604091390823018
5633088,MASCULINO,OROPEZA,SUCRE,"ALEMAN ""MARISCAL BRAUN""",PRIVADA,32,36,71,0,1,0,0,0,0,0,1,-0.4725581865327859
5636515,FEMENINO,OROPEZA,SUCRE,IEI AMERICA,PRIVADA,36,36,71,1,0,0,0,0,0,0,1,0.07542729151836416
5636516,MASCULINO,MURILLO,LA PAZ,SANTA ANA,PRIVADA,30,32,44,0,1,0,0,0,0,0,1,-0.7465509255583609
5636517,MASCULINO,MURILLO,LA PAZ,SANATA ANA,PRIVADA,33,32,44,0,1,0,0,0,0,0,1,-0.3355618170199984
5700865,MASCULINO,MURILLO,LA PAZ,MARIA AUXILIADORA,PRIVADA,31,32,44,0,1,0,0,0,0,0,1,-0.6095545560455734
5753562,MASCULINO,OTRO,ORURO,U.E. EDUARDO AVAROA,FISCAL,35,38,50,0,1,0,0,0,1,0,0,-0.06156907799442335
5759066,FEMENINO,OTRO,ORURO,ALEMAN,PRIVADA,32,38,50,1,0,0,0,0,0,0,1,-0.4725581865327859
5766096,FEMENINO,MURILLO,LA PAZ,SAN CALIXTO,FISCAL,16,32,44,1,0,0,0,0,1,0,0,-2.664500098737386
5773602,MASCULINO,OTRO,ORURO,COLEGIO HOLANDA,FISCAL,33,38,50,0,1,0,0,0,1,0,0,-0.3355618170199984
5774860,MASCULINO,"CERCADO, VINTO",ORURO,IGNACIO CALDERON,FISCAL,34,13,50,0,1,0,0,0,1,0,0,-0.19856544750721086
5778932,FEMENINO,ORURO,ORURO,JUAN PABLO,FISCAL,39,37,50,1,0,0,0,0,1,0,0,0.4864164000567267
5780568,FEMENINO,ARCE,BERMEJO,U.E.,FISCAL,30,5,8,1,0,0,0,0,1,0,0,-0.7465509255583609
5792724,MASCULINO,OTRO,TARIJA,HERMANO FELIPE PALAZON,PRIVADA,31,38,73,0,1,0,0,0,0,0,1,-0.6095545560455734
5804498,MASCULINO,OTRO,TARIJA,LA SALLE,PRIVADA,32,38,73,0,1,0,0,0,0,0,1,-0.4725581865327859
5811934,MASCULINO,CAMARGO,OTRO,MANUEL BELGRANO (TARIJA),FISCAL,39,10,51,0,1,0,0,0,1,0,0,0.4864164000567267
5812470,FEMENINO,MURILLO,LA PAZ,UNIDAD EDUCATIVA SAGRADOS CORAZONES,PRIVADA,29,32,44,1,0,0,0,0,0,0,1,-0.8835472950711485
5815747,FEMENINO,ARCE,BERMEJO,OCHO DE SEPTIEMBRE,FISCAL,36,5,8,1,0,0,0,0,1,0,0,0.07542729151836416
5869302,MASCULINO,CHIQUITOS,ROBORAA,MARISTA SS.CC.,CONVENIO,40,14,61,0,1,0,0,1,0,0,0,0.6234127695695142
5921009,FEMENINO,OTRO,COCHABAMBA,DEL SAGRADO CORAZON,PRIVADA,34,38,23,1,0,0,0,0,0,0,1,-0.19856544750721086
5940158,MASCULINO,MURILLO,LA PAZ,UNIDAD EDUCATIVA HOLANDA,FISCAL,41,32,44,0,1,0,0,0,1,0,0,0.7604091390823018
5940420,MASCULINO,MURILLO,LA PAZ,EBEN EZER,PRIVADA,39,32,44,0,1,0,0,0,0,0,1,0.4864164000567267
5940693,MASCULINO,MURILLO,LA PAZ,SIMON RODRIGUEZ CARREAAO,FISCAL,36,32,44,0,1,0,0,0,1,0,0,0.07542729151836416
5941581,FEMENINO,MURILLO,LA PAZ,SAN ANTONIO DE PADUA,PRIVADA,30,32,44,1,0,0,0,0,0,0,1,-0.7465509255583609
5941888,MASCULINO,MURILLO,LA PAZ,BOLIVIANO NORUEGO,CONVENIO,40,32,44,0,1,0,0,1,0,0,0,0.6234127695695142
5942886,FEMENINO,MURILLO,EL ALTO,LUIS ESDPINAL CAMPS,FISCAL,32,32,32,1,0,0,0,0,1,0,0,-0.4725581865327859
5943320,FEMENINO,MURILLO,LA PAZ,SAN CALIXTO,FISCAL,16,32,44,1,0,0,0,0,1,0,0,-2.664500098737386
5944080,MASCULINO,MURILLO,LA PAZ,DON BOSCO EL PRADO,CONVENIO,30,32,44,0,1,0,0,1,0,0,0,-0.7465509255583609
5945823,MASCULINO,MURILLO,LA PAZ,SAN CALIXTO,FISCAL,16,32,44,0,1,0,0,0,1,0,0,-2.664500098737386
5946481,FEMENINO,MURILLO,LA PAZ,NACIONAL MIXTO DAVID PINILLA,FISCAL,33,32,44,1,0,0,0,0,1,0,0,-0.3355618170199984
5946959,MASCULINO,MURILLO,LA PAZ,HUGA DAVILA A,FISCAL,32,32,44,0,1,0,0,0,1,0,0,-0.4725581865327859
5949163,FEMENINO,LARECAJA,LA PAZ,U. E. RVDO. PADRE GOTARDO KAISER,CONVENIO,37,26,44,1,0,0,0,1,0,0,0,0.21242366103115168
5949756,MASCULINO,MURILLO,LA PAZ,JERUSALEM,PRIVADA,31,32,44,0,1,0,0,0,0,0,1,-0.6095545560455734
5949757,FEMENINO,MURILLO,LA PAZ,INSTITUTO EDUCATIVO SAN JORGE 1,PRIVADA,28,32,44,1,0,0,0,0,0,0,1,-1.0205436645839359
5953546,MASCULINO,MURILLO,LA PAZ,SAN IGNACIO,PRIVADA,31,32,44,0,1,0,0,0,0,0,1,-0.6095545560455734
5954085,MASCULINO,MURILLO,LA PAZ,CUMBRE,PRIVADA,29,32,44,0,1,0,0,0,0,0,1,-0.8835472950711485
5954689,FEMENINO,MURILLO,LA PAZ,"SAGRADOS CORAZONES ""B""",CEMA,43,32,44,1,0,0,1,0,0,0,0,1.0344018781078768
5954898,MASCULINO,MURILLO,LA PAZ,AVE MARIA,PRIVADA,32,32,44,0,1,0,0,0,0,0,1,-0.4725581865327859
5955356,FEMENINO,MURILLO,LA PAZ,NUESTRA SENORA DE ITATI,PRIVADA,33,32,44,1,0,0,0,0,0,0,1,-0.3355618170199984
5955584,MASCULINO,INGAVI,VILLA PUSUMA,TOPATER,FISCAL,38,22,79,0,1,0,0,0,1,0,0,0.3494200305439392
5956301,FEMENINO,MURILLO,LA PAZ,SAN CALIXTO,FISCAL,36,32,44,1,0,0,0,0,1,0,0,0.07542729151836416
5957124,MASCULINO,MURILLO,LA PAZ,SAN CALIXTO,PRIVADA,37,32,44,0,1,0,0,0,0,0,1,0.21242366103115168
5957150,MASCULINO,MURILLO,LA PAZ,U.E.E. LA PAZ,PRIVADA,35,32,44,0,1,0,0,0,0,0,1,-0.06156907799442335
5959011,FEMENINO,MURILLO,LA PAZ,SAN CALIXTO,FISCAL,40,32,44,1,0,0,0,0,1,0,0,0.6234127695695142
5959226,FEMENINO,MURILLO,LA PAZ,SAN CALIXTO,FISCAL,52,32,44,1,0,0,0,0,1,0,0,2.2673692037229642
5959228,MASCULINO,MURILLO,LA PAZ,DON BOSCO,PRIVADA,34,32,44,0,1,0,0,0,0,0,1,-0.19856544750721086
5959284,MASCULINO,MURILLO,LA PAZ,DON BOSCO,FISCAL,41,32,44,0,1,0,0,0,1,0,0,0.7604091390823018
5959438,FEMENINO,MURILLO,LA PAZ,SANTO TOMAS,FISCAL,38,32,44,1,0,0,0,0,1,0,0,0.3494200305439392
5959698,FEMENINO,MURILLO,LA PAZ,SAN CALIXTO,FISCAL,52,32,44,1,0,0,0,0,1,0,0,2.2673692037229642
5959764,FEMENINO,MURILLO,EL ALTO,UNIDAD EDUCATIVA CARLOS PALENQUE AVILES,FISCAL,34,32,32,1,0,0,0,0,1,0,0,-0.19856544750721086
5960640,MASCULINO,MURILLO,LA PAZ,SAN FRANCISCO T.O.,PRIVADA,29,32,44,0,1,0,0,0,0,0,1,-0.8835472950711485
5963109,MASCULINO,MURILLO,LA PAZ,LICEO A-26 ANTOFAGASTA -CHILE,FISCAL,34,32,44,0,1,0,0,0,1,0,0,-0.19856544750721086
5963144,FEMENINO,SUD YUNGAS,LA PAZ,NOC.6 DE JUNIO,FISCAL,40,47,44,1,0,0,0,0,1,0,0,0.6234127695695142
5964596,MASCULINO,MURILLO,LA PAZ,SAN CALIXTO,FISCAL,16,32,44,0,1,0,0,0,1,0,0,-2.664500098737386
5964897,FEMENINO,MURILLO,LA PAZ,UNIDAD EDUCATIVA SAN ANDRES,FISCAL,31,32,44,1,0,0,0,0,1,0,0,-0.6095545560455734
5965062,NO RESPONDE,MURILLO,LA PAZ,SAN CALIXTO,FISCAL,16,32,44,0,0,1,0,0,1,0,0,-2.664500098737386
5965192,MASCULINO,MURILLO,LA PAZ,LA SALLE,PRIVADA,32,32,44,0,1,0,0,0,0,0,1,-0.4725581865327859
5965305,MASCULINO,MURILLO,LA PAZ,KURMI WASI,PRIVADA,31,32,44,0,1,0,0,0,0,0,1,-0.6095545560455734
5965483,FEMENINO,MURILLO,LA PAZ,MONTESSORI,PRIVADA,30,32,44,1,0,0,0,0,0,0,1,-0.7465509255583609
5965508,MASCULINO,MURILLO,LA PAZ,SAN CALIXTO,FISCAL,52,32,44,0,1,0,0,0,1,0,0,2.2673692037229642
5965981,MASCULINO,MURILLO,LA PAZ,AMOR DE DIOS,PRIVADA,29,32,44,0,1,0,0,0,0,0,1,-0.8835472950711485
5966184,MASCULINO,MURILLO,LA PAZ,ESCUELA INDUSTRIAL PEDRO DOMINGO MURILLO,FISCAL,38,32,44,0,1,0,0,0,1,0,0,0.3494200305439392
5966436,MASCULINO,MURILLO,LA PAZ,SAN CALIXTO,FISCAL,52,32,44,0,1,0,0,0,1,0,0,2.2673692037229642
5966641,MASCULINO,MURILLO,LA PAZ,FELIPE SEGUNDO GUZMAN,FISCAL,43,32,44,0,1,0,0,0,1,0,0,1.0344018781078768
5966755,FEMENINO,MURILLO,LA PAZ,LICEO LA PAZ,FISCAL,29,32,44,1,0,0,0,0,1,0,0,-0.8835472950711485
5966894,FEMENINO,MURILLO,LA PAZ,HERNANDO SILES REYES,FISCAL,33,32,44,1,0,0,0,0,1,0,0,-0.3355618170199984
5966902,MASCULINO,MURILLO,LA PAZ,SERGIO ALMARAZ DE FE Y ALEGRIA,FISCAL,37,32,44,0,1,0,0,0,1,0,0,0.21242366103115168
5967098,MASCULINO,MURILLO,LA PAZ,COLEGIO FRANCO BOLIVIANO,PRIVADA,32,32,44,0,1,0,0,0,0,0,1,-0.4725581865327859
5967245,MASCULINO,MURILLO,LA PAZ,MAX VALDIVIA E.P.D.B,CONVENIO,32,32,44,0,1,0,0,1,0,0,0,-0.4725581865327859
5967724,MASCULINO,MURILLO,LA PAZ,LA SALLE,CONVENIO,32,32,44,0,1,0,0,1,0,0,0,-0.4725581865327859
5967752,MASCULINO,MURILLO,LA PAZ,IGNACIO CALDERON FE Y ALEGRIA,FISCAL,41,32,44,0,1,0,0,0,1,0,0,0.7604091390823018
5968081,MASCULINO,MURILLO,LA PAZ,SAN CARLOS,PRIVADA,35,32,44,0,1,0,0,0,0,0,1,-0.06156907799442335
5968309,MASCULINO,MURILLO,LA PAZ,MARISCAL ANDRES DE SANTA CRUZ,FISCAL,45,32,44,0,1,0,0,0,1,0,0,1.3083946171334517
5968875,FEMENINO,MURILLO,LA PAZ,ALEMAN,CONVENIO,32,32,44,1,0,0,0,1,0,0,0,-0.4725581865327859
5968880,MASCULINO,MURILLO,LA PAZ,SAN CARLOS,CONVENIO,37,32,44,0,1,0,0,1,0,0,0,0.21242366103115168
5968961,FEMENINO,MURILLO,LA PAZ,LICEO LA PAZ,FISCAL,41,32,44,1,0,0,0,0,1,0,0,0.7604091390823018
5969096,MASCULINO,MURILLO,EL ALTO,LUIS ESPINAL CAMPS,FISCAL,40,32,32,0,1,0,0,0,1,0,0,0.6234127695695142
5970219,MASCULINO,MURILLO,LA PAZ,FRANZ TAMAYO,FISCAL,30,32,44,0,1,0,0,0,1,0,0,-0.7465509255583609
5970499,FEMENINO,MURILLO,LA PAZ,CENTRO EDUCATIVO KARL ALEXANDER,PRIVADA,32,32,44,1,0,0,0,0,0,0,1,-0.4725581865327859
5970733,MASCULINO,LOS ANDES,LA PAZ,2 DE AGOSTO,FISCAL,48,28,44,0,1,0,0,0,1,0,0,1.7193837256718143
5971081,MASCULINO,MURILLO,LA PAZ,GERMAN BUSCH,FISCAL,36,32,44,0,1,0,0,0,1,0,0,0.07542729151836416
5971458,MASCULINO,MURILLO,LA PAZ,INSTITUTO AMERICANO,PRIVADA,34,32,44,0,1,0,0,0,0,0,1,-0.19856544750721086
5971504,MASCULINO,MURILLO,EL ALTO,DIVINO AMPARO,PRIVADA,34,32,32,0,1,0,0,0,0,0,1,-0.19856544750721086
5971669,MASCULINO,MURILLO,LA PAZ,18 DE MAYO,FISCAL,41,32,44,0,1,0,0,0,1,0,0,0.7604091390823018
5972120,MASCULINO,MURILLO,LA PAZ,SAN CALIXTO,FISCAL,52,32,44,0,1,0,0,0,1,0,0,2.2673692037229642
5973474,NO RESPONDE,MURILLO,LA PAZ,SAN CALIXTO,FISCAL,52,32,44,0,0,1,0,0,1,0,0,2.2673692037229642
5973745,MASCULINO,MURILLO,LA PAZ,CEDEIN,PRIVADA,36,32,44,0,1,0,0,0,0,0,1,0.07542729151836416
5974443,FEMENINO,MURILLO,LA PAZ,ALEMAN MARISCAL BRAUN,PRIVADA,29,32,44,1,0,0,0,0,0,0,1,-0.8835472950711485
5974580,MASCULINO,MURILLO,LA PAZ,UNIDAD EDUCATIVA LUIS ERNST,CONVENIO,28,32,44,0,1,0,0,1,0,0,0,-1.0205436645839359
5976481,FEMENINO,OMASUYOS,LA PAZ,JACQUELINE KENNEDY,FISCAL,33,35,44,1,0,0,0,0,1,0,0,-0.3355618170199984
5976801,FEMENINO,OMASUYOS,OMASUYOS,HUMANISTICO TECNICO INDUSTRIAL ANCORAIMES,CONVENIO,36,35,49,1,0,0,0,1,0,0,0,0.07542729151836416
5977087,FEMENINO,MURILLO,LA PAZ,SANTA TERESA,PRIVADA,28,32,44,1,0,0,0,0,0,0,1,-1.0205436645839359
5977220,FEMENINO,MURILLO,LA PAZ,SAN CALIXTO,FISCAL,16,32,44,1,0,0,0,0,1,0,0,-2.664500098737386
5977223,MASCULINO,MURILLO,LA PAZ,UNIDAD EDUCATIVA REPUBLICA DE COLOMBIA,FISCAL,42,32,44,0,1,0,0,0,1,0,0,0.8974055085950893
5977527,MASCULINO,MURILLO,EL ALTO,LUIS ESPINAL,FISCAL,33,32,32,0,1,0,0,0,1,0,0,-0.3355618170199984
5978006,FEMENINO,MURILLO,LA PAZ,ADELA ZAMUDIO,FISCAL,44,32,44,1,0,0,0,0,1,0,0,1.1713982476206644
5978162,MASCULINO,MURILLO,LA PAZ,SAN CALIXTO,PRIVADA,31,32,44,0,1,0,0,0,0,0,1,-0.6095545560455734
5978247,FEMENINO,OTRO,TARIJA,LOS PINOS,PRIVADA,33,38,73,1,0,0,0,0,0,0,1,-0.3355618170199984
5978540,MASCULINO,MURILLO,LA PAZ,DON BOSCO,CONVENIO,35,32,44,0,1,0,0,1,0,0,0,-0.06156907799442335
5979099,FEMENINO,MURILLO,LA PAZ,INGLES CATOLICO,PRIVADA,32,32,44,1,0,0,0,0,0,0,1,-0.4725581865327859
5979610,MASCULINO,MURILLO,LA PAZ,TOPATER,FISCAL,36,32,44,0,1,0,0,0,1,0,0,0.07542729151836416
5982016,FEMENINO,MURILLO,LA PAZ,SAN CALIXTO,FISCAL,52,32,44,1,0,0,0,0,1,0,0,2.2673692037229642
5982126,MASCULINO,MURILLO,EL ALTO,DESCONOCIDO,CEMA,39,32,32,0,1,0,1,0,0,0,0,0.4864164000567267
5985257,MASCULINO,MURILLO,LA PAZ,INSTITUTO DOMINGO SAVIO,PRIVADA,33,32,44,0,1,0,0,0,0,0,1,-0.3355618170199984
5985621,MASCULINO,MURILLO,LA PAZ,IGNACIO CALDERON,FISCAL,43,32,44,0,1,0,0,0,1,0,0,1.0344018781078768
5985663,MASCULINO,MURILLO,EL ALTO,DON BOSCO,PRIVADA,38,32,32,0,1,0,0,0,0,0,1,0.3494200305439392
5985874,MASCULINO,MURILLO,LA PAZ,COLEGIO LA PAZ,PRIVADA,35,32,44,0,1,0,0,0,0,0,1,-0.06156907799442335
5987166,MASCULINO,OMASUYOS,CHIJIPINA GRANDE,ANTOFAGASTA,FISCAL,37,35,19,0,1,0,0,0,1,0,0,0.21242366103115168
5988116,FEMENINO,MURILLO,LA PAZ,CEDEIN,PRIVADA,27,32,44,1,0,0,0,0,0,0,1,-1.1575400340967235
5988617,FEMENINO,MURILLO,LA PAZ,SAN ANTONIO DE PADUA,PRIVADA,36,32,44,1,0,0,0,0,0,0,1,0.07542729151836416
5988694,FEMENINO,MURILLO,LA PAZ,JESUS OBRERO,CONVENIO,33,32,44,1,0,0,0,1,0,0,0,-0.3355618170199984
5988874,MASCULINO,MURILLO,LA PAZ,AMOR DE DIOS,PRIVADA,40,32,44,0,1,0,0,0,0,0,1,0.6234127695695142
5989519,MASCULINO,MURILLO,LA PAZ,SAN ANTONIO,PRIVADA,36,32,44,0,1,0,0,0,0,0,1,0.07542729151836416
5989551,MASCULINO,MURILLO,LA PAZ,SAN ANTONIO DE PADUA,PRIVADA,37,32,44,0,1,0,0,0,0,0,1,0.21242366103115168
5989685,MASCULINO,VELASCO,SAN IGNACIO,SANTA ANA,PRIVADA,31,52,65,0,1,0,0,0,0,0,1,-0.6095545560455734
5989726,NO RESPONDE,MURILLO,LA PAZ,SAN CALIXTO,FISCAL,52,32,44,0,0,1,0,0,1,0,0,2.2673692037229642
5990003,MASCULINO,OMASUYOS,ACHACACHI,JOSE ANTONIO PLANCARTE,FISCAL,35,35,0,0,1,0,0,0,1,0,0,-0.06156907799442335
5990502,MASCULINO,MURILLO,LA PAZ,GREGORIO REYNOLDS,PRIVADA,32,32,44,0,1,0,0,0,0,0,1,-0.4725581865327859
5990575,MASCULINO,MURILLO,LA PAZ,SAN ANTONIO DE PADUA,PRIVADA,29,32,44,0,1,0,0,0,0,0,1,-0.8835472950711485
5990760,MASCULINO,MURILLO,LA PAZ,SAN SIMON DE AYACUCHO,FISCAL,41,32,44,0,1,0,0,0,1,0,0,0.7604091390823018
5991485,MASCULINO,MURILLO,LA PAZ,SAN LUIS DE FE Y ALEGRIA,FISCAL,36,32,44,0,1,0,0,0,1,0,0,0.07542729151836416
5991596,MASCULINO,MURILLO,LA PAZ,AVE MARIA,FISCAL,30,32,44,0,1,0,0,0,1,0,0,-0.7465509255583609
5991689,MASCULINO,MURILLO,LA PAZ,SAN ANTONIO DE PADUA,PRIVADA,32,32,44,0,1,0,0,0,0,0,1,-0.4725581865327859
5991722,MASCULINO,MURILLO,LA PAZ,SAN ANTONIO DE PADUA,PRIVADA,31,32,44,0,1,0,0,0,0,0,1,-0.6095545560455734
5991940,FEMENINO,MURILLO,LA PAZ,SAN CALIXTO,FISCAL,16,32,44,1,0,0,0,0,1,0,0,-2.664500098737386
5992024,NO RESPONDE,MURILLO,LA PAZ,HOLANDA 1,FISCAL,30,32,44,0,0,1,0,0,1,0,0,-0.7465509255583609
5992506,NO RESPONDE,MURILLO,LA PAZ,SAN VICENTE DE PAUL,CONVENIO,34,32,44,0,0,1,0,1,0,0,0,-0.19856544750721086
5993022,FEMENINO,MURILLO,LA PAZ,SAN FRANCISCO DE LA TERCERA ORDEN,PRIVADA,34,32,44,1,0,0,0,0,0,0,1,-0.19856544750721086
5993287,MASCULINO,MURILLO,LA PAZ,ANTONIO DIAZ VILLAMIL,FISCAL,40,32,44,0,1,0,0,0,1,0,0,0.6234127695695142
5993511,MASCULINO,MURILLO,LA PAZ,ALFREDO VARGAS,FISCAL,41,32,44,0,1,0,0,0,1,0,0,0.7604091390823018
5994459,MASCULINO,NOR YUNGAS,LA PAZ,JUAN PABLO II,FISCAL,34,34,44,0,1,0,0,0,1,0,0,-0.19856544750721086
5994521,MASCULINO,MURILLO,LA PAZ,SAN CALIXTO,FISCAL,16,32,44,0,1,0,0,0,1,0,0,-2.664500098737386
5995676,FEMENINO,MURILLO,LA PAZ,DORA SCHMIDT A,FISCAL,32,32,44,1,0,0,0,0,1,0,0,-0.4725581865327859
5995756,FEMENINO,MURILLO,LA PAZ,FRANCO BOLIVIANO,PRIVADA,33,32,44,1,0,0,0,0,0,0,1,-0.3355618170199984
5997884,MASCULINO,MURILLO,LA PAZ,INSTITUTO AMERICANO,PRIVADA,33,32,44,0,1,0,0,0,0,0,1,-0.3355618170199984
5998033,FEMENINO,MURILLO,LA PAZ,INSTITUTO DE EDUCACION BANCARIA,PRIVADA,29,32,44,1,0,0,0,0,0,0,1,-0.8835472950711485
5998289,FEMENINO,MURILLO,LA PAZ,SAN ANTONIO DE PADUA,FISCAL,35,32,44,1,0,0,0,0,1,0,0,-0.06156907799442335
5999161,MASCULINO,MURILLO,EL ALTO,SAN,FISCAL,16,32,32,0,1,0,0,0,1,0,0,-2.664500098737386
5999667,FEMENINO,TOMAS FRIAS,POTOSI,SAN CALIXTO,PRIVADA,33,48,54,1,0,0,0,0,0,0,1,-0.3355618170199984
5999963,MASCULINO,MURILLO,LA PAZ,"SAGRADOS CORAZONES B""",FISCAL,31,32,44,0,1,0,0,0,1,0,0,-0.6095545560455734
6000335,MASCULINO,MURILLO,EL ALTO,"COLEGIO CATOLICO ""SAN AGUSTIN""",PRIVADA,32,32,32,0,1,0,0,0,0,0,1,-0.4725581865327859
6000884,MASCULINO,MURILLO,EL ALTO,ALMIRANTE MIGUEL GRAU,FISCAL,31,32,32,0,1,0,0,0,1,0,0,-0.6095545560455734
6001126,MASCULINO,MURILLO,EL ALTO,UNIDAD EDUCATIVA ADOLFO KOLPING,PRIVADA,33,32,32,0,1,0,0,0,0,0,1,-0.3355618170199984
6001340,MASCULINO,MURILLO,LA PAZ,ESCUELA INDUSTRIAL SUPERIOR PEDRO DOMINGO MURILLO,FISCAL,31,32,44,0,1,0,0,0,1,0,0,-0.6095545560455734
6001551,MASCULINO,MURILLO,LA PAZ,SAN CALIXTO,FISCAL,16,32,44,0,1,0,0,0,1,0,0,-2.664500098737386
6002188,FEMENINO,OMASUYOS,CUYAHUANI,RAFAEL MENDOZA CASTELLON,FISCAL,29,35,30,1,0,0,0,0,1,0,0,-0.8835472950711485
6003103,MASCULINO,MURILLO,LA PAZ,LATINO AMERICANO,PRIVADA,43,32,44,0,1,0,0,0,0,0,1,1.0344018781078768
6003140,MASCULINO,MURILLO,LA PAZ,SAN LUIS DE GONZAGA,FISCAL,31,32,44,0,1,0,0,0,1,0,0,-0.6095545560455734
6003298,MASCULINO,MURILLO,EL ALTO,ANDRES BELLO,FISCAL,40,32,32,0,1,0,0,0,1,0,0,0.6234127695695142
6003478,FEMENINO,MURILLO,LA PAZ,SAN CALIXTO,PRIVADA,34,32,44,1,0,0,0,0,0,0,1,-0.19856544750721086
6003925,MASCULINO,MURILLO,LA PAZ,ADVENTISTA HARRY PITTMAN,PRIVADA,39,32,44,0,1,0,0,0,0,0,1,0.4864164000567267
6003947,MASCULINO,MURILLO,EL ALTO,SAN MIGUEL,PRIVADA,44,32,32,0,1,0,0,0,0,0,1,1.1713982476206644
6004152,FEMENINO,MURILLO,EL ALTO,NOCTURNO JULIAN APAZA,FISCAL,44,32,32,1,0,0,0,0,1,0,0,1.1713982476206644
6004422,MASCULINO,MURILLO,LA PAZ,MONTSERRAT COLLEGE,PRIVADA,34,32,44,0,1,0,0,0,0,0,1,-0.19856544750721086
6005928,MASCULINO,MURILLO,LA PAZ,JESUS DE NAZARETH,FISCAL,31,32,44,0,1,0,0,0,1,0,0,-0.6095545560455734
6005972,FEMENINO,MURILLO,LA PAZ,INTERANDINO BOLIVIANO,PRIVADA,28,32,44,1,0,0,0,0,0,0,1,-1.0205436645839359
6006639,MASCULINO,MURILLO,LA PAZ,SAN CALIXTO,FISCAL,45,32,44,0,1,0,0,0,1,0,0,1.3083946171334517
6007158,MASCULINO,MURILLO,LA PAZ,C.E.P.ELIZARDO PEREZ,PRIVADA,44,32,44,0,1,0,0,0,0,0,1,1.1713982476206644
6007505,MASCULINO,MURILLO,LA PAZ,SAN LUIS,PRIVADA,41,32,44,0,1,0,0,0,0,0,1,0.7604091390823018
6008942,MASCULINO,JOSE MANUEL PANDO,EL ALTO,JULIAN APAZA,FISCAL,41,25,32,0,1,0,0,0,1,0,0,0.7604091390823018
6009203,MASCULINO,MURILLO,EL ALTO,SANTA BARBARA,PRIVADA,34,32,32,0,1,0,0,0,0,0,1,-0.19856544750721086
6011229,MASCULINO,MURILLO,LA PAZ,AMERINST,PRIVADA,33,32,44,0,1,0,0,0,0,0,1,-0.3355618170199984
6011247,MASCULINO,MURILLO,EL ALTO,JOSE BALLIVIAN,CEMA,40,32,32,0,1,0,1,0,0,0,0,0.6234127695695142
6012047,MASCULINO,MURILLO,LA PAZ,ABEL ITURRALDE,FISCAL,42,32,44,0,1,0,0,0,1,0,0,0.8974055085950893
6012216,MASCULINO,MURILLO,LA PAZ,"MCAL.. ""JOSE BALLIVIAN""",FISCAL,37,32,44,0,1,0,0,0,1,0,0,0.21242366103115168
6012229,NO RESPONDE,MURILLO,LA PAZ,SAN CALIXTO,FISCAL,52,32,44,0,0,1,0,0,1,0,0,2.2673692037229642
6012240,MASCULINO,INGAVI,VIACHA,JOSE BALLIVIAN,FISCAL,34,22,78,0,1,0,0,0,1,0,0,-0.19856544750721086
6015055,MASCULINO,LOS ANDES,PUCARANI,JESUS OBRERO,FISCAL,46,28,55,0,1,0,0,0,1,0,0,1.4453909866462393
6015511,NO RESPONDE,MURILLO,EL ALTO,NUEVA JERUSALEN,PRIVADA,16,32,32,0,0,1,0,0,0,0,1,-2.664500098737386
6017761,MASCULINO,MURILLO,LA PAZ,U. E. SAN FRANCISCO DE ASIS,FISCAL,40,32,44,0,1,0,0,0,1,0,0,0.6234127695695142
6018684,MASCULINO,PACAJES,LA PAZ,JUAN CAPRILES,FISCAL,16,39,44,0,1,0,0,0,1,0,0,-2.664500098737386
6019011,MASCULINO,MURILLO,LA PAZ,SAN CALIXTO,FISCAL,16,32,44,0,1,0,0,0,1,0,0,-2.664500098737386
6020221,FEMENINO,MURILLO,LA PAZ,LICEO NACIONAL VENEZUELA,FISCAL,30,32,44,1,0,0,0,0,1,0,0,-0.7465509255583609
6021249,MASCULINO,MURILLO,EL ALTO,DIVINO MAESTRO,PRIVADA,47,32,32,0,1,0,0,0,0,0,1,1.582387356159027
6021311,MASCULINO,INQUISIVI,EL ALTO,CARLOS AMDRES PEREZ,FISCAL,41,23,32,0,1,0,0,0,1,0,0,0.7604091390823018
6021641,MASCULINO,AROMA,LA PAZ,ADRIAN CASTILLO NAVA,FISCAL,32,6,44,0,1,0,0,0,1,0,0,-0.4725581865327859
6022386,FEMENINO,MURILLO,EL ALTO,FRAY BERNARDINO DE CARDENAS,PRIVADA,30,32,32,1,0,0,0,0,0,0,1,-0.7465509255583609
6022428,MASCULINO,INGAVI,CANTON GRAL. JOSE BALLIVIAN,JOHN F. KENNEDY,FISCAL,45,22,12,0,1,0,0,0,1,0,0,1.3083946171334517
6024501,MASCULINO,MURILLO,LA PAZ,SAN CALIXTO,PRIVADA,33,32,44,0,1,0,0,0,0,0,1,-0.3355618170199984
6025379,MASCULINO,TOTORA,DESCONOCIDO,ADVENTISTA PACAJES,PRIVADA,39,49,31,0,1,0,0,0,0,0,1,0.4864164000567267
6027321,MASCULINO,MURILLO,LA PAZ,CENTRO EDUCATIVO CRISTIANO BRTHEL,PRIVADA,37,32,44,0,1,0,0,0,0,0,1,0.21242366103115168
6027443,MASCULINO,MURILLO,EL ALTO,MERCEDES BELZU DE DORADO,FISCAL,37,32,32,0,1,0,0,0,1,0,0,0.21242366103115168
6028248,FEMENINO,MURILLO,LA PAZ,COMUNIDAD EDUCATIVA SAGRADOS CORAZONES,PRIVADA,33,32,44,1,0,0,0,0,0,0,1,-0.3355618170199984
6028285,MASCULINO,MURILLO,EL ALTO,SAN AGUSTIN,PRIVADA,36,32,32,0,1,0,0,0,0,0,1,0.07542729151836416
6030499,MASCULINO,MURILLO,EL ALTO,HEROES DEL PACIFICO,FISCAL,36,32,32,0,1,0,0,0,1,0,0,0.07542729151836416
6031181,FEMENINO,MURILLO,LA PAZ,U. E. JUVENAL MARIACA,FISCAL,40,32,44,1,0,0,0,0,1,0,0,0.6234127695695142
6031332,MASCULINO,SUD YUNGAS,LA PAZ,NOCT. VICENTE TEJADA,FISCAL,43,47,44,0,1,0,0,0,1,0,0,1.0344018781078768
6032292,MASCULINO,SUD YUNGAS,LA ENRRAMADA,RAFAEL PABON,FISCAL,43,47,43,0,1,0,0,0,1,0,0,1.0344018781078768
6033008,MASCULINO,MURILLO,LA PAZ,HOLANDES,FISCAL,39,32,44,0,1,0,0,0,1,0,0,0.4864164000567267
6033081,MASCULINO,MURILLO,LA PAZ,ESCUELA INDUSTRIAL SUPERIOR,FISCAL,38,32,44,0,1,0,0,0,1,0,0,0.3494200305439392
6033634,MASCULINO,MURILLO,LA PAZ,SANTA ROSA DE LIMA,FISCAL,39,32,44,0,1,0,0,0,1,0,0,0.4864164000567267
6033661,NO RESPONDE,MURILLO,LA PAZ,SAN CALIXTO,FISCAL,52,32,44,0,0,1,0,0,1,0,0,2.2673692037229642
6033788,MASCULINO,MURILLO,LA PAZ,ROBERTO ALVARADO DAZA,FISCAL,43,32,44,0,1,0,0,0,1,0,0,1.0344018781078768
6033885,MASCULINO,FRANZ TAMAYO,PUYO PUYO,JOSE MIGUEL LANZA,FISCAL,42,17,58,0,1,0,0,0,1,0,0,0.8974055085950893
6034046,MASCULINO,MURILLO,LA PAZ,SAN CALIXTO,FISCAL,52,32,44,0,1,0,0,0,1,0,0,2.2673692037229642
6034150,MASCULINO,MURILLO,LA PAZ,UNIDAD EDUCATIVA FUERZA AEREA BOLIVIANA,PRIVADA,42,32,44,0,1,0,0,0,0,0,1,0.8974055085950893
6034718,MASCULINO,LOS ANDES,PUCARANI,COLEGIO NACIONAL MIXTO SAN SALVADOR,FISCAL,40,28,55,0,1,0,0,0,1,0,0,0.6234127695695142
6035000,MASCULINO,MURILLO,LA PAZ,UNIDAD EDUCATIVA ADVENTISTA PACAJES,PRIVADA,40,32,44,0,1,0,0,0,0,0,1,0.6234127695695142
6035129,MASCULINO,MURILLO,EL ALTO,"COLEGIO ADVENTISTA ""FRANZ TAMAYO""",PRIVADA,36,32,32,0,1,0,0,0,0,0,1,0.07542729151836416
6035878,MASCULINO,MURILLO,LA PAZ,JULIAN APAZA,FISCAL,42,32,44,0,1,0,0,0,1,0,0,0.8974055085950893
6036159,MASCULINO,MURILLO,EL ALTO,ALTO DE LA ALIANZA,FISCAL,39,32,32,0,1,0,0,0,1,0,0,0.4864164000567267
6036191,MASCULINO,MURILLO,LA PAZ,SAN CALIXTO,FISCAL,16,32,44,0,1,0,0,0,1,0,0,-2.664500098737386
6036222,MASCULINO,MURILLO,LA PAZ,ANTONIO PAREDES CANDIA,FISCAL,42,32,44,0,1,0,0,0,1,0,0,0.8974055085950893
6036502,MASCULINO,MURILLO,EL ALTO,CEDEIN,PRIVADA,40,32,32,0,1,0,0,0,0,0,1,0.6234127695695142
6036618,FEMENINO,MURILLO,LA PAZ,SIMON BOLIVAR,FISCAL,40,32,44,1,0,0,0,0,1,0,0,0.6234127695695142
6036741,MASCULINO,MURILLO,LA PAZ,CENTRO EDUCATIVO PARTICULAR BOLIVIA,FISCAL,41,32,44,0,1,0,0,0,1,0,0,0.7604091390823018
6037289,FEMENINO,MURILLO,EL ALTO,HEROES DEL PACIFICO,FISCAL,40,32,32,1,0,0,0,0,1,0,0,0.6234127695695142
6038250,MASCULINO,MURILLO,EL ALTO,SANTIAGO PRIMERO,FISCAL,42,32,32,0,1,0,0,0,1,0,0,0.8974055085950893
6038957,MASCULINO,MURILLO,EL ALTO,GRAN BRETANA,FISCAL,35,32,32,0,1,0,0,0,1,0,0,-0.06156907799442335
6039037,MASCULINO,MURILLO,LA PAZ,UNION BOLIVARIANA,FISCAL,32,32,44,0,1,0,0,0,1,0,0,-0.4725581865327859
6039090,FEMENINO,MURILLO,LA PAZ,SAN CALIXTO,FISCAL,33,32,44,1,0,0,0,0,1,0,0,-0.3355618170199984
6039322,MASCULINO,SUD YUNGAS,YANACACHI,JULIAN APAZA,FISCAL,42,47,83,0,1,0,0,0,1,0,0,0.8974055085950893
6040326,MASCULINO,MURILLO,EL ALTO,VICENTE TEJADA,FISCAL,38,32,32,0,1,0,0,0,1,0,0,0.3494200305439392
6041035,MASCULINO,INGAVI,TIHUANACU,SAN JUAN BAUTISTA DE LA SALLE,PRIVADA,37,22,75,0,1,0,0,0,0,0,1,0.21242366103115168
6041045,MASCULINO,MURILLO,EL ALTO,COL. NAL. MIXTO ANDRES BELLO,FISCAL,33,32,32,0,1,0,0,0,1,0,0,-0.3355618170199984
6041193,FEMENINO,OMASUYOS,AJLLA,EUFRASIEUFRASIO IBANEZ RIVERO,FISCAL,38,35,2,1,0,0,0,0,1,0,0,0.3494200305439392
6042495,MASCULINO,MURILLO,EL ALTO,INSTITUTO AMERICANO,CONVENIO,38,32,32,0,1,0,0,1,0,0,0,0.3494200305439392
6042589,MASCULINO,MURILLO,LA PAZ,UNION EUROPEA,FISCAL,34,32,44,0,1,0,0,0,1,0,0,-0.19856544750721086
6042819,NO RESPONDE,MURILLO,LA PAZ,SAN CALIXTO,FISCAL,52,32,44,0,0,1,0,0,1,0,0,2.2673692037229642
6042940,MASCULINO,OMASUYOS,LA PAZ,RAFAEL MENDOZA CASTELLON,FISCAL,37,35,44,0,1,0,0,0,1,0,0,0.21242366103115168
6043129,MASCULINO,MURILLO,LA PAZ,CORAZON DE MARIA,PRIVADA,42,32,44,0,1,0,0,0,0,0,1,0.8974055085950893
6043320,MASCULINO,INGAVI,VIACHA,COLEGIO ADAVENTISTA VIACHA,PRIVADA,31,22,78,0,1,0,0,0,0,0,1,-0.6095545560455734
6043328,FEMENINO,MURILLO,LA PAZ,GUALBERTO VILLARROEL,FISCAL,31,32,44,1,0,0,0,0,1,0,0,-0.6095545560455734
6043361,MASCULINO,MURILLO,EL ALTO,HOLANDES,PRIVADA,31,32,32,0,1,0,0,0,0,0,1,-0.6095545560455734
6043824,MASCULINO,QUILLACOLLO,QUILLACOLLO,ANDRES BELLO,FISCAL,40,42,59,0,1,0,0,0,1,0,0,0.6234127695695142
6044641,MASCULINO,MURILLO,LA PAZ,SAN JUAN,FISCAL,36,32,44,0,1,0,0,0,1,0,0,0.07542729151836416
6045020,MASCULINO,MURILLO,LA PAZ,SAN MIGUEL,PRIVADA,31,32,44,0,1,0,0,0,0,0,1,-0.6095545560455734
6045110,FEMENINO,MURILLO,EL ALTO,SAN JOSE FE Y ALEGRIA,FISCAL,35,32,32,1,0,0,0,0,1,0,0,-0.06156907799442335
6045351,FEMENINO,INGAVI,LA PAZ,HACIA EL MAR,FISCAL,41,22,44,1,0,0,0,0,1,0,0,0.7604091390823018
6045894,MASCULINO,MURILLO,EL ALTO,VILLA COOPERATIVA,FISCAL,42,32,32,0,1,0,0,0,1,0,0,0.8974055085950893
6049208,FEMENINO,MURILLO,LA PAZ,SAGRADO CORAZON DE JESUS,PRIVADA,30,32,44,1,0,0,0,0,0,0,1,-0.7465509255583609
6049687,FEMENINO,INQUISIVI,QUIME,UNION EUROPEA,FISCAL,38,23,60,1,0,0,0,0,1,0,0,0.3494200305439392
6050600,MASCULINO,MURILLO,LA PAZ,EDUARDO ABAROA,FISCAL,32,32,44,0,1,0,0,0,1,0,0,-0.4725581865327859
6050723,MASCULINO,MURILLO,LA PAZ,ESCUELA INDUSTRIAL SUPERIOR,OTRO,37,32,44,0,1,0,0,0,0,1,0,0.21242366103115168
6051196,FEMENINO,MURILLO,EL ALTO,ESCUELE INDUSTRIAL SUPERIOR,FISCAL,37,32,32,1,0,0,0,0,1,0,0,0.21242366103115168
6051615,MASCULINO,MURILLO,LA PAZ,SAN CALIXTO,FISCAL,16,32,44,0,1,0,0,0,1,0,0,-2.664500098737386
6052479,MASCULINO,MURILLO,EL ALTO,SAN LUIS DE GONZAGA,PRIVADA,40,32,32,0,1,0,0,0,0,0,1,0.6234127695695142
6052622,MASCULINO,MURILLO,EL ALTO,HEROES DEL PACIFICO,FISCAL,40,32,32,0,1,0,0,0,1,0,0,0.6234127695695142
6052907,MASCULINO,MURILLO,LA PAZ,SAN CALIXTO,FISCAL,40,32,44,0,1,0,0,0,1,0,0,0.6234127695695142
6053038,MASCULINO,OMASUYOS,EL ALTO,ALIPIO VALENCIA VEGA,PRIVADA,39,35,32,0,1,0,0,0,0,0,1,0.4864164000567267
6053368,MASCULINO,MURILLO,LA PAZ,SAN CALIXTO,FISCAL,52,32,44,0,1,0,0,0,1,0,0,2.2673692037229642
6053840,MASCULINO,INQUISIVI,COLQUIRI,TECNICO HUMANISTICO REPUBLICA DE FRANCIA,FISCAL,42,23,24,0,1,0,0,0,1,0,0,0.8974055085950893
6053878,MASCULINO,OTRO,COCHABAMBA,U.E.F.A.B TCNL RAFAEL PABON CUEVAS,PRIVADA,34,38,23,0,1,0,0,0,0,0,1,-0.19856544750721086
6054001,FEMENINO,MURILLO,LA PAZ,ANDRES BELLO,FISCAL,32,32,44,1,0,0,0,0,1,0,0,-0.4725581865327859
6054452,MASCULINO,MURILLO,LA PAZ,ADOLFO KOLPING,PRIVADA,29,32,44,0,1,0,0,0,0,0,1,-0.8835472950711485
6054461,MASCULINO,MURILLO,EL ALTO,MARTIN CARDENAS HEROMSA B,FISCAL,34,32,32,0,1,0,0,0,1,0,0,-0.19856544750721086
6054798,MASCULINO,MURILLO,EL ALTO,1O DE MAYO,FISCAL,44,32,32,0,1,0,0,0,1,0,0,1.1713982476206644
6055155,MASCULINO,MURILLO,LA PAZ,FRANCO BOLIVIANO,PRIVADA,36,32,44,0,1,0,0,0,0,0,1,0.07542729151836416
6055225,MASCULINO,MURILLO,EL ALTO,FERNANDO NOGALES CASTRO,FISCAL,37,32,32,0,1,0,0,0,1,0,0,0.21242366103115168
6055935,MASCULINO,MURILLO,EL ALTO,EUFRASIO IBAAAEZ,FISCAL,38,32,32,0,1,0,0,0,1,0,0,0.3494200305439392
6056225,MASCULINO,MURILLO,EL ALTO,JUAN PABLO I,PRIVADA,39,32,32,0,1,0,0,0,0,0,1,0.4864164000567267
6056609,MASCULINO,MURILLO,EL ALTO,"UNIDAD EDUCATIVA PRIVADA ""SARACHO""",PRIVADA,33,32,32,0,1,0,0,0,0,0,1,-0.3355618170199984
6056663,FEMENINO,MURILLO,LA PAZ,UNIDAD EDUCATIVA AMOR DE DIOS FE Y ALEGRIA,FISCAL,30,32,44,1,0,0,0,0,1,0,0,-0.7465509255583609
6056850,MASCULINO,MURILLO,EL ALTO,UNION EUROPEA,FISCAL,35,32,32,0,1,0,0,0,1,0,0,-0.06156907799442335
6058355,FEMENINO,MURILLO,EL ALTO,MERCEDES BELZU DE DORADO,FISCAL,36,32,32,1,0,0,0,0,1,0,0,0.07542729151836416
6058674,MASCULINO,MURILLO,LA PAZ,NAZARENO BASIL MILLER,PRIVADA,31,32,44,0,1,0,0,0,0,0,1,-0.6095545560455734
6058752,FEMENINO,OTRO,COCHABAMBA,UNIDAD EDUCATIVA PILOTO INTERVIDA,PRIVADA,29,38,23,1,0,0,0,0,0,0,1,-0.8835472950711485
6058774,MASCULINO,MURILLO,LA PAZ,SAN CALIXTO,FISCAL,52,32,44,0,1,0,0,0,1,0,0,2.2673692037229642
6058943,MASCULINO,MANCO KAPAC,EL ALTO,DIVINO MAESTRO,PRIVADA,40,29,32,0,1,0,0,0,0,0,1,0.6234127695695142
6059383,FEMENINO,INGAVI,VIACHA,JOSE BALLIVIAN,FISCAL,34,22,78,1,0,0,0,0,1,0,0,-0.19856544750721086
6059568,FEMENINO,MURILLO,LA PAZ,JOSE BALLIVIAN,FISCAL,31,32,44,1,0,0,0,0,1,0,0,-0.6095545560455734
6060891,FEMENINO,MURILLO,LA PAZ,HARRY PITTMAN,PRIVADA,41,32,44,1,0,0,0,0,0,0,1,0.7604091390823018
6060954,MASCULINO,MURILLO,LA PAZ,U.E.F.A.B.,PRIVADA,38,32,44,0,1,0,0,0,0,0,1,0.3494200305439392
6061739,MASCULINO,MURILLO,LA PAZ,OSCAR ALFARO,PRIVADA,38,32,44,0,1,0,0,0,0,0,1,0.3494200305439392
6061897,MASCULINO,MURILLO,EL ALTO,TECNICO HUMANISTICO MARISCAL JOSE BALLIVIAN,FISCAL,39,32,32,0,1,0,0,0,1,0,0,0.4864164000567267
6062388,MASCULINO,MURILLO,LA PAZ,SAN CALIXTO,FISCAL,38,32,44,0,1,0,0,0,1,0,0,0.3494200305439392
6062514,MASCULINO,MURILLO,EL ALTO,RAFAEL MENDOZA CASTELLON,FISCAL,38,32,32,0,1,0,0,0,1,0,0,0.3494200305439392
6062679,MASCULINO,LOAYZA,LA PAZ,UNIADAD EDUCATIVA ESPANA,FISCAL,40,27,44,0,1,0,0,0,1,0,0,0.6234127695695142
6062918,MASCULINO,MURILLO,EL ALTO,JESUS OBRERPO,FISCAL,39,32,32,0,1,0,0,0,1,0,0,0.4864164000567267
6063874,MASCULINO,MURILLO,LA PAZ,ELIZARDO PERES,FISCAL,39,32,44,0,1,0,0,0,1,0,0,0.4864164000567267
6063944,MASCULINO,MURILLO,EL ALTO,ADVENTISTA SALOMON,PRIVADA,31,32,32,0,1,0,0,0,0,0,1,-0.6095545560455734
6064567,FEMENINO,MURILLO,LA PAZ,VILLA TUNARI,FISCAL,42,32,44,1,0,0,0,0,1,0,0,0.8974055085950893
6064665,MASCULINO,MURILLO,LA PAZ,SANTA MARIA DE LOS ANGELES,FISCAL,37,32,44,0,1,0,0,0,1,0,0,0.21242366103115168
6064987,MASCULINO,INGAVI,VIACHA,JOSE BALLIVIAN,FISCAL,34,22,78,0,1,0,0,0,1,0,0,-0.19856544750721086
6065143,MASCULINO,MURILLO,LA PAZ,"C.E ""MUTUAL LAZ PAZ""",PRIVADA,37,32,44,0,1,0,0,0,0,0,1,0.21242366103115168
6065443,MASCULINO,MURILLO,EL ALTO,UNIDAD EDUCATIVA MARISCAL JOSE BALLIVIAN,FISCAL,31,32,32,0,1,0,0,0,1,0,0,-0.6095545560455734
6065458,MASCULINO,MURILLO,LA PAZ,EUFRASIO IBAAAAAEZ RIVERO,FISCAL,40,32,44,0,1,0,0,0,1,0,0,0.6234127695695142
6065861,FEMENINO,MURILLO,EL ALTO,TECNICO HUMANISTICO,FISCAL,16,32,32,1,0,0,0,0,1,0,0,-2.664500098737386
6066453,NO RESPONDE,MURILLO,LA PAZ,SAN CALIXTO,FISCAL,52,32,44,0,0,1,0,0,1,0,0,2.2673692037229642
6066695,MASCULINO,SUD YUNGAS,LA PAZ,JOSE BALLIVIAN,FISCAL,39,47,44,0,1,0,0,0,1,0,0,0.4864164000567267
6067439,MASCULINO,MURILLO,LA PAZ,CEFI,PRIVADA,34,32,44,0,1,0,0,0,0,0,1,-0.19856544750721086
6067547,MASCULINO,MURILLO,LA PAZ,MCAL JOSE BALLIVIAN,FISCAL,38,32,44,0,1,0,0,0,1,0,0,0.3494200305439392
6067590,MASCULINO,MURILLO,EL ALTO,COL. NAL. MIXTO PUERTO DE MEJILLONES,FISCAL,39,32,32,0,1,0,0,0,1,0,0,0.4864164000567267
6067604,FEMENINO,MURILLO,LA PAZ,SAGRADO CORAZON DE JESUS,PRIVADA,35,32,44,1,0,0,0,0,0,0,1,-0.06156907799442335
6068807,MASCULINO,MURILLO,LA PAZ,SAGRADO CORAZON DE JESUS,PRIVADA,30,32,44,0,1,0,0,0,0,0,1,-0.7465509255583609
6069074,MASCULINO,MURILLO,LA PAZ,"C.E.C ""SHALO""",PRIVADA,37,32,44,0,1,0,0,0,0,0,1,0.21242366103115168
6070022,MASCULINO,MURILLO,EL ALTO,U.E.F.A.B,PRIVADA,35,32,32,0,1,0,0,0,0,0,1,-0.06156907799442335
6070507,MASCULINO,MURILLO,LA PAZ,C.O.C.E.INF.,PRIVADA,37,32,44,0,1,0,0,0,0,0,1,0.21242366103115168
6070607,MASCULINO,MURILLO,EL ALTO,KARL ALEXANDER,PRIVADA,37,32,32,0,1,0,0,0,0,0,1,0.21242366103115168
6070828,MASCULINO,MURILLO,LA PAZ,REP. COLOMBIA,FISCAL,32,32,44,0,1,0,0,0,1,0,0,-0.4725581865327859
6071348,MASCULINO,MURILLO,LA PAZ,UNIDAD EDUCATIVA LAS DELICIAS,FISCAL,34,32,44,0,1,0,0,0,1,0,0,-0.19856544750721086
6071427,MASCULINO,MURILLO,LA PAZ,NUEVA JERUSALEN,PRIVADA,33,32,44,0,1,0,0,0,0,0,1,-0.3355618170199984
6071595,MASCULINO,MURILLO,LA PAZ,SANTA BARBARA,PRIVADA,33,32,44,0,1,0,0,0,0,0,1,-0.3355618170199984
6072663,MASCULINO,OMASUYOS,ACHACACHI,MARCELO QUIROGA SANTA CRUZ,FISCAL,37,35,0,0,1,0,0,0,1,0,0,0.21242366103115168
6072973,FEMENINO,MURILLO,LA PAZ,VILIROCO,FISCAL,35,32,44,1,0,0,0,0,1,0,0,-0.06156907799442335
6073114,MASCULINO,MURILLO,LA PAZ,DESCONOCIDO,CONVENIO,35,32,44,0,1,0,0,1,0,0,0,-0.06156907799442335
6073192,MASCULINO,MURILLO,EL ALTO,ANDRES BELLO,FISCAL,37,32,32,0,1,0,0,0,1,0,0,0.21242366103115168
6073327,MASCULINO,MURILLO,LA PAZ,ADRIAN CASTILLO NAVA,FISCAL,37,32,44,0,1,0,0,0,1,0,0,0.21242366103115168
6073715,FEMENINO,MURILLO,EL ALTO,CENTRO EDUCATIVO,FISCAL,34,32,32,1,0,0,0,0,1,0,0,-0.19856544750721086
6074427,MASCULINO,PACAJES,PATURENI,PUERTO DE MEJILLONES,FISCAL,38,39,53,0,1,0,0,0,1,0,0,0.3494200305439392
6074664,MASCULINO,MURILLO,LA PAZ,SAN CALIXTO,FISCAL,36,32,44,0,1,0,0,0,1,0,0,0.07542729151836416
6075481,MASCULINO,MURILLO,EL ALTO,HOLANDES,PRIVADA,35,32,32,0,1,0,0,0,0,0,1,-0.06156907799442335
6075668,MASCULINO,MURILLO,EL ALTO,JOSE LUIZ ZUARES GUSMAN,FISCAL,36,32,32,0,1,0,0,0,1,0,0,0.07542729151836416
6075718,MASCULINO,MURILLO,EL ALTO,JUAN CAPRILES,FISCAL,32,32,32,0,1,0,0,0,1,0,0,-0.4725581865327859
6075971,FEMENINO,MURILLO,LA PAZ,SAN CALIXTO,FISCAL,52,32,44,1,0,0,0,0,1,0,0,2.2673692037229642
6076305,MASCULINO,MURILLO,EL ALTO,U.E. ROBERTO ALVARADO DAZA,FISCAL,32,32,32,0,1,0,0,0,1,0,0,-0.4725581865327859
6076393,MASCULINO,MURILLO,EL ALTO,CENTRO EDUCATIVO MUTUAL LA PAZ,PRIVADA,36,32,32,0,1,0,0,0,0,0,1,0.07542729151836416
6076475,FEMENINO,MURILLO,LA PAZ,SAN CALIXTO,FISCAL,52,32,44,1,0,0,0,0,1,0,0,2.2673692037229642
6076496,MASCULINO,MURILLO,LA PAZ,FRANZ TAMAYO,FISCAL,38,32,44,0,1,0,0,0,1,0,0,0.3494200305439392
6076631,MASCULINO,MURILLO,LA PAZ,CENTRO EDUCATIVO PARTICULAR BOLIVIA,PRIVADA,37,32,44,0,1,0,0,0,0,0,1,0.21242366103115168
6076679,MASCULINO,MURILLO,LA PAZ,SAN LUIS DE GONZAGA,PRIVADA,37,32,44,0,1,0,0,0,0,0,1,0.21242366103115168
6076771,MASCULINO,MURILLO,EL ALTO,INGAVI,FISCAL,41,32,32,0,1,0,0,0,1,0,0,0.7604091390823018
6076936,MASCULINO,MURILLO,LA PAZ,UNIDAD EDUCATIVA BOLIVIA,FISCAL,37,32,44,0,1,0,0,0,1,0,0,0.21242366103115168
6077155,MASCULINO,MURILLO,EL ALTO,EUFRASIO IBAAEZ RIVERO,FISCAL,38,32,32,0,1,0,0,0,1,0,0,0.3494200305439392
6077236,MASCULINO,MURILLO,LA PAZ,CALAMA,FISCAL,34,32,44,0,1,0,0,0,1,0,0,-0.19856544750721086
6077237,FEMENINO,MURILLO,EL ALTO,U.E.CALAMA,FISCAL,33,32,32,1,0,0,0,0,1,0,0,-0.3355618170199984
6077238,MASCULINO,MURILLO,LA PAZ,"U.E""CALAMA""",FISCAL,16,32,44,0,1,0,0,0,1,0,0,-2.664500098737386
6077283,MASCULINO,MURILLO,LA PAZ,COL. NAL. MIXTO COMANCHE,FISCAL,36,32,44,0,1,0,0,0,1,0,0,0.07542729151836416
6077297,MASCULINO,MURILLO,EL ALTO,SAN JOSE FE Y ALEGRIA,FISCAL,34,32,32,0,1,0,0,0,1,0,0,-0.19856544750721086
6077322,MASCULINO,MURILLO,EL ALTO,SIMON BOLIVAR DE CALACOTO,FISCAL,31,32,32,0,1,0,0,0,1,0,0,-0.6095545560455734
6077772,MASCULINO,MURILLO,LA PAZ,SAN CALIXTO,FISCAL,16,32,44,0,1,0,0,0,1,0,0,-2.664500098737386
6077801,MASCULINO,MURILLO,EL ALTO,1AAO DE MAYO,FISCAL,38,32,32,0,1,0,0,0,1,0,0,0.3494200305439392
6077866,MASCULINO,MURILLO,EL ALTO,HORIZONTES,FISCAL,36,32,32,0,1,0,0,0,1,0,0,0.07542729151836416
6078132,MASCULINO,LARECAJA,EL ALTO,JUAN JOSE TORREZ GONZALEZ,FISCAL,36,26,32,0,1,0,0,0,1,0,0,0.07542729151836416
6078980,MASCULINO,MURILLO,EL ALTO,JESUS OBRERO,CONVENIO,38,32,32,0,1,0,0,1,0,0,0,0.3494200305439392
6079091,MASCULINO,MURILLO,EL ALTO,TARAPACA,FISCAL,34,32,32,0,1,0,0,0,1,0,0,-0.19856544750721086
6079688,MASCULINO,MURILLO,LA PAZ,SAN LUIS,FISCAL,37,32,44,0,1,0,0,0,1,0,0,0.21242366103115168
6080296,FEMENINO,MURILLO,LA PAZ,CEA DANIEL SANCHEZ BUSTAMANTE,FISCAL,43,32,44,1,0,0,0,0,1,0,0,1.0344018781078768
6081069,MASCULINO,MURILLO,LA PAZ,UNIDAD EDUCATIVA HOLANDA,FISCAL,40,32,44,0,1,0,0,0,1,0,0,0.6234127695695142
6081184,FEMENINO,MURILLO,LA PAZ,SAN GENARO,PRIVADA,33,32,44,1,0,0,0,0,0,0,1,-0.3355618170199984
6081751,MASCULINO,MURILLO,LA PAZ,SAN JOSE DE YUNGUYO,FISCAL,33,32,44,0,1,0,0,0,1,0,0,-0.3355618170199984
6082602,MASCULINO,MURILLO,LA PAZ,AMORETTI,PRIVADA,30,32,44,0,1,0,0,0,0,0,1,-0.7465509255583609
6083726,MASCULINO,MURILLO,LA PAZ,HNO PACIFICO FELETTI,FISCAL,39,32,44,0,1,0,0,0,1,0,0,0.4864164000567267
6083913,FEMENINO,MURILLO,LA PAZ,U.E. AMERICANO OBRAJES,PRIVADA,30,32,44,1,0,0,0,0,0,0,1,-0.7465509255583609
6084643,MASCULINO,MURILLO,LA PAZ,REPIBLICA DE ITALIA,FISCAL,36,32,44,0,1,0,0,0,1,0,0,0.07542729151836416
6084913,MASCULINO,MURILLO,LA PAZ,UNIDAD EDUCATIVA,FISCAL,36,32,44,0,1,0,0,0,1,0,0,0.07542729151836416
6084925,MASCULINO,MURILLO,LA PAZ,ADVENTISTA MIRAFLORES,PRIVADA,38,32,44,0,1,0,0,0,0,0,1,0.3494200305439392
6085145,FEMENINO,MURILLO,LA PAZ,SAN PEDRO POVEDA,CONVENIO,42,32,44,1,0,0,0,1,0,0,0,0.8974055085950893
6085381,FEMENINO,MURILLO,LA PAZ,CENTRO EDUCATIVO DE FORMACION INTEGRAL C.E.F.I.,PRIVADA,35,32,44,1,0,0,0,0,0,0,1,-0.06156907799442335
6086004,MASCULINO,MURILLO,LA PAZ,SAN MATIAS,PRIVADA,34,32,44,0,1,0,0,0,0,0,1,-0.19856544750721086
6086303,MASCULINO,MURILLO,LA PAZ,PRINCIPE DE PAZ,PRIVADA,37,32,44,0,1,0,0,0,0,0,1,0.21242366103115168
6086490,MASCULINO,OTRO,OTRO,SAN CARLOS,PRIVADA,32,38,51,0,1,0,0,0,0,0,1,-0.4725581865327859
6087154,MASCULINO,MURILLO,LA PAZ,GUALBERTO VILLARROEL,FISCAL,35,32,44,0,1,0,0,0,1,0,0,-0.06156907799442335
6087477,MASCULINO,MURILLO,LA PAZ,ESCUELA INDUSTRIAL SUPERIOR PEDRO DOMINGO MURILLO,FISCAL,36,32,44,0,1,0,0,0,1,0,0,0.07542729151836416
6087794,MASCULINO,MURILLO,LA PAZ,GUALBERTO VILLARROEL,FISCAL,31,32,44,0,1,0,0,0,1,0,0,-0.6095545560455734
6088850,FEMENINO,MURILLO,EL ALTO,"NACIONAL INTEGRADO ""25 DE MAYO""",FISCAL,46,32,32,1,0,0,0,0,1,0,0,1.4453909866462393
6088879,MASCULINO,MURILLO,LA PAZ,UNIDAD EDUCATIVA SAN ANDRES,CONVENIO,37,32,44,0,1,0,0,1,0,0,0,0.21242366103115168
6088978,FEMENINO,MURILLO,LA PAZ,INSTITUTO AMERICANO OBRAJES,PRIVADA,29,32,44,1,0,0,0,0,0,0,1,-0.8835472950711485
6089050,FEMENINO,ITURRALDE,LA PAZ,ROSA GATTORNO,PRIVADA,32,24,44,1,0,0,0,0,0,0,1,-0.4725581865327859
6089289,FEMENINO,MURILLO,LA PAZ,PUERTO DE ROSARIO,FISCAL,28,32,44,1,0,0,0,0,1,0,0,-1.0205436645839359
6090930,MASCULINO,MURILLO,LA PAZ,SAN CALIXTO,FISCAL,16,32,44,0,1,0,0,0,1,0,0,-2.664500098737386
6091039,MASCULINO,MURILLO,LA PAZ,ADVENTISTA SANTA CRUZ,PRIVADA,39,32,44,0,1,0,0,0,0,0,1,0.4864164000567267
6092244,NO RESPONDE,MURILLO,LA PAZ,VILLA COPERATIVA,FISCAL,16,32,44,0,0,1,0,0,1,0,0,-2.664500098737386
6092460,MASCULINO,MURILLO,LA PAZ,BUENAVENTURA ALCAZAR,FISCAL,36,32,44,0,1,0,0,0,1,0,0,0.07542729151836416
6092739,FEMENINO,MURILLO,LA PAZ,UNIDAD EDUCATIVA LORETTO,PRIVADA,28,32,44,1,0,0,0,0,0,0,1,-1.0205436645839359
6092957,MASCULINO,MURILLO,LA PAZ,LA SALLE,CONVENIO,39,32,44,0,1,0,0,1,0,0,0,0.4864164000567267
6093119,MASCULINO,MURILLO,LA PAZ,U. E. NUESTRA SENORA DE ITATI,PRIVADA,30,32,44,0,1,0,0,0,0,0,1,-0.7465509255583609
6093784,MASCULINO,MURILLO,LA PAZ,SAN CALIXTO,FISCAL,52,32,44,0,1,0,0,0,1,0,0,2.2673692037229642
6093858,MASCULINO,MURILLO,LA PAZ,FRANCO BOLIVIANO,CONVENIO,32,32,44,0,1,0,0,1,0,0,0,-0.4725581865327859
6094524,MASCULINO,MURILLO,LA PAZ,DON BOSCO,PRIVADA,34,32,44,0,1,0,0,0,0,0,1,-0.19856544750721086
6094732,MASCULINO,MURILLO,EL ALTO,MARTIN CARDENAS HERMOSA,FISCAL,42,32,32,0,1,0,0,0,1,0,0,0.8974055085950893
6095024,FEMENINO,MURILLO,LA PAZ,SAN JAVIER,FISCAL,42,32,44,1,0,0,0,0,1,0,0,0.8974055085950893
6095099,MASCULINO,MURILLO,LA PAZ,HUGO DAVILA A,FISCAL,29,32,44,0,1,0,0,0,1,0,0,-0.8835472950711485
6095243,MASCULINO,MURILLO,LA PAZ,FRANZ TAMAYO,FISCAL,34,32,44,0,1,0,0,0,1,0,0,-0.19856544750721086
6096038,MASCULINO,MURILLO,LA PAZ,INSTITUTO AMERICANO,PRIVADA,31,32,44,0,1,0,0,0,0,0,1,-0.6095545560455734
6096145,MASCULINO,MURILLO,LA PAZ,INSTITUTO AMERICANO,FISCAL,36,32,44,0,1,0,0,0,1,0,0,0.07542729151836416
6096892,MASCULINO,MURILLO,LA PAZ,MIRAFLORES,PRIVADA,43,32,44,0,1,0,0,0,0,0,1,1.0344018781078768
6096953,MASCULINO,MURILLO,LA PAZ,DON BOSCO,FISCAL,44,32,44,0,1,0,0,0,1,0,0,1.1713982476206644
6097769,MASCULINO,MURILLO,LA PAZ,SAN CALIXTO,FISCAL,33,32,44,0,1,0,0,0,1,0,0,-0.3355618170199984
6097945,MASCULINO,MURILLO,LA PAZ,MONZERRATT,PRIVADA,30,32,44,0,1,0,0,0,0,0,1,-0.7465509255583609
6097977,MASCULINO,CARANAVI,LA PAZ,COLEGIO NACIONAL MIXTO,FISCAL,42,11,44,0,1,0,0,0,1,0,0,0.8974055085950893
6098075,NO RESPONDE,MURILLO,LA PAZ,SAN CALIXTO,FISCAL,52,32,44,0,0,1,0,0,1,0,0,2.2673692037229642
6098594,MASCULINO,MURILLO,EL ALTO,CALAMA,FISCAL,33,32,32,0,1,0,0,0,1,0,0,-0.3355618170199984
6098700,MASCULINO,MURILLO,LA PAZ,NAZARENO,PRIVADA,35,32,44,0,1,0,0,0,0,0,1,-0.06156907799442335
6099435,FEMENINO,MURILLO,LA PAZ,INSTITUTO AMERICANO,PRIVADA,31,32,44,1,0,0,0,0,0,0,1,-0.6095545560455734
6099789,MASCULINO,MURILLO,EL ALTO,EUFRASIO IBAAEZ RIVERO,FISCAL,45,32,32,0,1,0,0,0,1,0,0,1.3083946171334517
6100855,MASCULINO,MURILLO,LA PAZ,JOSE BALLIVIAN,FISCAL,44,32,44,0,1,0,0,0,1,0,0,1.1713982476206644
6101168,MASCULINO,OMASUYOS,CANTON CORPAPUTO,FRANZ TAMAYO,FISCAL,44,35,10,0,1,0,0,0,1,0,0,1.1713982476206644
6101294,FEMENINO,MURILLO,LA PAZ,AMOR DE DIOS,PRIVADA,30,32,44,1,0,0,0,0,0,0,1,-0.7465509255583609
6101983,MASCULINO,MURILLO,LA PAZ,REPUBLICA DE COLOMBIA,FISCAL,16,32,44,0,1,0,0,0,1,0,0,-2.664500098737386
6103437,MASCULINO,MURILLO,LA PAZ,CIE 12 DE OCTUBRE,CEMA,41,32,44,0,1,0,1,0,0,0,0,0.7604091390823018
6104193,MASCULINO,INGAVI,VIACHA,SAN LUIS,PRIVADA,40,22,78,0,1,0,0,0,0,0,1,0.6234127695695142
6104676,NO RESPONDE,MURILLO,LA PAZ,FRANCISCO DE MIRANDA,FISCAL,43,32,44,0,0,1,0,0,1,0,0,1.0344018781078768
6104946,MASCULINO,MURILLO,LA PAZ,SIMON BOLIVAR,FISCAL,43,32,44,0,1,0,0,0,1,0,0,1.0344018781078768
6105412,NO RESPONDE,MURILLO,LA PAZ,SAN CALIXTO,FISCAL,52,32,44,0,0,1,0,0,1,0,0,2.2673692037229642
6106185,MASCULINO,MURILLO,LA PAZ,DON BOSCO EL PRADO,FISCAL,32,32,44,0,1,0,0,0,1,0,0,-0.4725581865327859
6106879,MASCULINO,MURILLO,LA PAZ,GERMAN BUSCH,FISCAL,38,32,44,0,1,0,0,0,1,0,0,0.3494200305439392
6107879,NO RESPONDE,MURILLO,LA PAZ,SAN IGNACIO,CONVENIO,16,32,44,0,0,1,0,1,0,0,0,-2.664500098737386
6109289,FEMENINO,MURILLO,LA PAZ,SAN ANTONIO DE PADUA,FISCAL,39,32,44,1,0,0,0,0,1,0,0,0.4864164000567267
6110645,MASCULINO,MURILLO,LA PAZ,ENRIQUE LINNDEMAN,FISCAL,44,32,44,0,1,0,0,0,1,0,0,1.1713982476206644
6111283,FEMENINO,MURILLO,LA PAZ,DON BOSCO,CONVENIO,31,32,44,1,0,0,0,1,0,0,0,-0.6095545560455734
6111331,MASCULINO,MURILLO,LA PAZ,LA MERCED,FISCAL,49,32,44,0,1,0,0,0,1,0,0,1.856380095184602
6111467,FEMENINO,MURILLO,LA PAZ,SAN CALIXTO,FISCAL,34,32,44,1,0,0,0,0,1,0,0,-0.19856544750721086
6111485,MASCULINO,MURILLO,LA PAZ,DON BOSCO,CEMA,32,32,44,0,1,0,1,0,0,0,0,-0.4725581865327859
6111513,FEMENINO,MURILLO,LA PAZ,SAN CALIXTO,FISCAL,52,32,44,1,0,0,0,0,1,0,0,2.2673692037229642
6111534,MASCULINO,MURILLO,LA PAZ,18 DE MAYO,FISCAL,43,32,44,0,1,0,0,0,1,0,0,1.0344018781078768
6111560,MASCULINO,MURILLO,LA PAZ,INSTITUTO AMERICANO,PRIVADA,28,32,44,0,1,0,0,0,0,0,1,-1.0205436645839359
6111616,FEMENINO,MURILLO,LA PAZ,SANTA ROSA,FISCAL,42,32,44,1,0,0,0,0,1,0,0,0.8974055085950893
6112581,MASCULINO,MURILLO,LA PAZ,GENERAL JOSE DE SAN MARTIN,PRIVADA,35,32,44,0,1,0,0,0,0,0,1,-0.06156907799442335
6112840,MASCULINO,SUD YUNGAS,LA PAZ,QUINUNI,FISCAL,32,47,44,0,1,0,0,0,1,0,0,-0.4725581865327859
6113326,MASCULINO,MURILLO,LA PAZ,SAGRAODS CORAZONES,PRIVADA,30,32,44,0,1,0,0,0,0,0,1,-0.7465509255583609
6113378,MASCULINO,MURILLO,LA PAZ,PRINCIPE DE PAZ,PRIVADA,36,32,44,0,1,0,0,0,0,0,1,0.07542729151836416
6114277,MASCULINO,MURILLO,LA PAZ,CEA LA PAZ,CEMA,29,32,44,0,1,0,1,0,0,0,0,-0.8835472950711485
6115092,MASCULINO,LOAYZA,LA PAZ,IGNACIO CALDERAAN FE Y ALEGRAAA,CONVENIO,41,27,44,0,1,0,0,1,0,0,0,0.7604091390823018
6116971,MASCULINO,MURILLO,LA PAZ,REPUBLICA DE CUBA PACAJES,FISCAL,33,32,44,0,1,0,0,0,1,0,0,-0.3355618170199984
6117589,MASCULINO,AROMA,PATACAMAYA,NACIONAL PATACAMAYA,FISCAL,31,6,52,0,1,0,0,0,1,0,0,-0.6095545560455734
6117681,MASCULINO,MURILLO,LA PAZ,C.E.A. TRES PASOS AL FRENTE,CEMA,30,32,44,0,1,0,1,0,0,0,0,-0.7465509255583609
6118005,MASCULINO,OMASUYOS,LA PAZ,SAN JAVIER DE FE Y ALEGRIA,FISCAL,41,35,44,0,1,0,0,0,1,0,0,0.7604091390823018
6118042,MASCULINO,MURILLO,LA PAZ,SAN CALIXTO,FISCAL,35,32,44,0,1,0,0,0,1,0,0,-0.06156907799442335
6118467,MASCULINO,MURILLO,LA PAZ,ANGLO AMERICANO,PRIVADA,33,32,44,0,1,0,0,0,0,0,1,-0.3355618170199984
6119071,MASCULINO,MURILLO,LA PAZ,MARIEN GARTEN,CONVENIO,34,32,44,0,1,0,0,1,0,0,0,-0.19856544750721086
6119129,FEMENINO,ANDRES IBANEZ,SANTA CRUZ DE LA SIERRA,LICEO VENEZUELA,FISCAL,31,3,69,1,0,0,0,0,1,0,0,-0.6095545560455734
6119306,MASCULINO,MURILLO,LA PAZ,INSTITUTO AMERICANO,PRIVADA,39,32,44,0,1,0,0,0,0,0,1,0.4864164000567267
6119312,MASCULINO,MURILLO,LA PAZ,U. E. P. LA PAZ,PRIVADA,33,32,44,0,1,0,0,0,0,0,1,-0.3355618170199984
6119471,MASCULINO,MURILLO,LA PAZ,CENTRO BOLIVIANO EUROPEO,CEMA,37,32,44,0,1,0,1,0,0,0,0,0.21242366103115168
6119736,MASCULINO,MURILLO,EL ALTO,SAN LUIS DE GONZAGA,PRIVADA,31,32,32,0,1,0,0,0,0,0,1,-0.6095545560455734
6119808,FEMENINO,OTRO,COCHABAMBA,INSTITUTO AMERICANO,PRIVADA,34,38,23,1,0,0,0,0,0,0,1,-0.19856544750721086
6120043,FEMENINO,MURILLO,LA PAZ,CLAUDIO SANJINES,FISCAL,36,32,44,1,0,0,0,0,1,0,0,0.07542729151836416
6120270,MASCULINO,MURILLO,EL ALTO,TNCL. RAFAEL PABON UE-FAB,PRIVADA,30,32,32,0,1,0,0,0,0,0,1,-0.7465509255583609
6120415,FEMENINO,MURILLO,EL ALTO,LUIS ESPINAL CAMPS,FISCAL,38,32,32,1,0,0,0,0,1,0,0,0.3494200305439392
6120472,MASCULINO,MURILLO,LA PAZ,RICARDO JOSE BUSTAMANTE,FISCAL,38,32,44,0,1,0,0,0,1,0,0,0.3494200305439392
6120509,MASCULINO,MURILLO,LA PAZ,MARCELO QUIROGA SANTA CRUZ,FISCAL,38,32,44,0,1,0,0,0,1,0,0,0.3494200305439392
6120565,MASCULINO,OTRO,COCHABAMBA,INSTITUTO AMERICANO,FISCAL,32,38,23,0,1,0,0,0,1,0,0,-0.4725581865327859
6120858,MASCULINO,MURILLO,EL ALTO,ADRIAN CASTILLO NAVA,FISCAL,36,32,32,0,1,0,0,0,1,0,0,0.07542729151836416
6120942,MASCULINO,MURILLO,LA PAZ,DON BOSCO,PRIVADA,37,32,44,0,1,0,0,0,0,0,1,0.21242366103115168
6121213,MASCULINO,MURILLO,LA PAZ,SAN CALIXTO,FISCAL,52,32,44,0,1,0,0,0,1,0,0,2.2673692037229642
6121221,MASCULINO,MURILLO,LA PAZ,UNIDAD EDUCATIVA SIMON BOLIVAR,FISCAL,44,32,44,0,1,0,0,0,1,0,0,1.1713982476206644
6121235,MASCULINO,MURILLO,EL ALTO,BOLIVAR MUNICIPAL DON BOSCO,CONVENIO,31,32,32,0,1,0,0,1,0,0,0,-0.6095545560455734
6121304,FEMENINO,MURILLO,LA PAZ,JERUSALEM,PRIVADA,36,32,44,1,0,0,0,0,0,0,1,0.07542729151836416
6121541,NO RESPONDE,MURILLO,LA PAZ,SAN JORGE,PRIVADA,34,32,44,0,0,1,0,0,0,0,1,-0.19856544750721086
6121597,MASCULINO,MURILLO,EL ALTO,CENTRO EDUCATIVO SANTA MARIA DE LOS ANGELES,FISCAL,36,32,32,0,1,0,0,0,1,0,0,0.07542729151836416
6121828,MASCULINO,MURILLO,LA PAZ,U.E.P. SAN JOSE,PRIVADA,33,32,44,0,1,0,0,0,0,0,1,-0.3355618170199984
6122353,FEMENINO,MURILLO,LA PAZ,AMOR DE DIOS,PRIVADA,30,32,44,1,0,0,0,0,0,0,1,-0.7465509255583609
6122450,MASCULINO,MURILLO,LA PAZ,SAN FRANCISCO T.O.F.,PRIVADA,36,32,44,0,1,0,0,0,0,0,1,0.07542729151836416
6122463,FEMENINO,MURILLO,LA PAZ,SAN PATRICIO,PRIVADA,31,32,44,1,0,0,0,0,0,0,1,-0.6095545560455734
6122567,FEMENINO,MURILLO,LA PAZ,U. E. JOSE MARTI,FISCAL,38,32,44,1,0,0,0,0,1,0,0,0.3494200305439392
6123142,MASCULINO,MURILLO,LA PAZ,INSTITUTO AMERICANO,PRIVADA,37,32,44,0,1,0,0,0,0,0,1,0.21242366103115168
6123425,MASCULINO,MURILLO,LA PAZ,GUALBERTO VILLARROEL,FISCAL,52,32,44,0,1,0,0,0,1,0,0,2.2673692037229642
6123451,MASCULINO,MURILLO,LA PAZ,INSTITUTO AMERICANO,CONVENIO,31,32,44,0,1,0,0,1,0,0,0,-0.6095545560455734
6123677,FEMENINO,MURILLO,LA PAZ,SANTA ANA,CONVENIO,33,32,44,1,0,0,0,1,0,0,0,-0.3355618170199984
6124351,MASCULINO,MURILLO,LA PAZ,SAN CALIXTO,FISCAL,33,32,44,0,1,0,0,0,1,0,0,-0.3355618170199984
6124771,MASCULINO,MURILLO,LA PAZ,DORA SCHMIDT,FISCAL,34,32,44,0,1,0,0,0,1,0,0,-0.19856544750721086
6125028,MASCULINO,MURILLO,LA PAZ,LA SALLE,CONVENIO,33,32,44,0,1,0,0,1,0,0,0,-0.3355618170199984
6125325,FEMENINO,MURILLO,LA PAZ,LICEO LA PAZ,FISCAL,33,32,44,1,0,0,0,0,1,0,0,-0.3355618170199984
6125526,MASCULINO,MURILLO,LA PAZ,SAN CALIXTO,FISCAL,16,32,44,0,1,0,0,0,1,0,0,-2.664500098737386
6125677,FEMENINO,MURILLO,LA PAZ,SAN CALIXTO,FISCAL,32,32,44,1,0,0,0,0,1,0,0,-0.4725581865327859
6125839,MASCULINO,MURILLO,LA PAZ,SAN CALIXTO,FISCAL,16,32,44,0,1,0,0,0,1,0,0,-2.664500098737386
6125887,FEMENINO,MURILLO,LA PAZ,MARIA IMACULADA,CONVENIO,32,32,44,1,0,0,0,1,0,0,0,-0.4725581865327859
6127381,MASCULINO,LOS ANDES,SEGUENCA,FRANZ TAMAYO,FISCAL,32,28,70,0,1,0,0,0,1,0,0,-0.4725581865327859
6127395,MASCULINO,MURILLO,LA PAZ,SAN CALIXTO,FISCAL,52,32,44,0,1,0,0,0,1,0,0,2.2673692037229642
6127576,MASCULINO,MURILLO,LA PAZ,"SANTA MARIA ""CENAFI""",PRIVADA,38,32,44,0,1,0,0,0,0,0,1,0.3494200305439392
6127683,MASCULINO,MURILLO,LA PAZ,SAN ANTONIO DE PADUA,PRIVADA,35,32,44,0,1,0,0,0,0,0,1,-0.06156907799442335
6127696,FEMENINO,OTRO,ORURO,PARTICULAR JERUSALEM,PRIVADA,31,38,50,1,0,0,0,0,0,0,1,-0.6095545560455734
6127968,FEMENINO,MURILLO,LA PAZ,ITENCOMP,PRIVADA,40,32,44,1,0,0,0,0,0,0,1,0.6234127695695142
6128029,MASCULINO,MURILLO,LA PAZ,SAN CALIXTO,FISCAL,52,32,44,0,1,0,0,0,1,0,0,2.2673692037229642
6128230,FEMENINO,MURILLO,LA PAZ,SAN CALIXTO,FISCAL,52,32,44,1,0,0,0,0,1,0,0,2.2673692037229642
6128495,FEMENINO,MURILLO,LA PAZ,EBEN EZER,PRIVADA,38,32,44,1,0,0,0,0,0,0,1,0.3494200305439392
6129196,MASCULINO,MURILLO,LA PAZ,LOS AMIGOS,PRIVADA,40,32,44,0,1,0,0,0,0,0,1,0.6234127695695142
6129871,MASCULINO,MURILLO,LA PAZ,INSTITUTO ADVENTISTA LOS ANDES,PRIVADA,38,32,44,0,1,0,0,0,0,0,1,0.3494200305439392
6130241,MASCULINO,MURILLO,LA PAZ,SAN JORGE I,PRIVADA,38,32,44,0,1,0,0,0,0,0,1,0.3494200305439392
6130308,MASCULINO,MURILLO,LA PAZ,UNIDAD EDUCATIVA SIMON BOLIVAR,FISCAL,44,32,44,0,1,0,0,0,1,0,0,1.1713982476206644
6131107,MASCULINO,MURILLO,LA PAZ,UNIDAD EDUCATIVA ADVENTISTA PACAJES,PRIVADA,36,32,44,0,1,0,0,0,0,0,1,0.07542729151836416
6132200,MASCULINO,MURILLO,EL ALTO,CENTRO EDUCATIVO JESUS OBRERO FE Y ALEGRIA,FISCAL,31,32,32,0,1,0,0,0,1,0,0,-0.6095545560455734
6132259,MASCULINO,MURILLO,LA PAZ,GUALBERTO VILLARROEL,FISCAL,33,32,44,0,1,0,0,0,1,0,0,-0.3355618170199984
6132543,FEMENINO,INGAVI,LA PAZ,SAN MATIAS,PRIVADA,30,22,44,1,0,0,0,0,0,0,1,-0.7465509255583609
6132963,FEMENINO,MURILLO,LA PAZ,"UNIDAD EDUCATIVA ""HOLANDA",FISCAL,39,32,44,1,0,0,0,0,1,0,0,0.4864164000567267
6133024,FEMENINO,MURILLO,LA PAZ,SAN FRANCISCO,PRIVADA,30,32,44,1,0,0,0,0,0,0,1,-0.7465509255583609
6133324,MASCULINO,MURILLO,LA PAZ,DON BOSCO,PRIVADA,37,32,44,0,1,0,0,0,0,0,1,0.21242366103115168
6133616,FEMENINO,MURILLO,LA PAZ,JUAN FEDERICO ZUAZO,FISCAL,41,32,44,1,0,0,0,0,1,0,0,0.7604091390823018
6133621,MASCULINO,MURILLO,LA PAZ,SAN IGNACIO,PRIVADA,28,32,44,0,1,0,0,0,0,0,1,-1.0205436645839359
6133675,MASCULINO,INGAVI,VIACHA,JOSE BALLIVIAN,FISCAL,34,22,78,0,1,0,0,0,1,0,0,-0.19856544750721086
6133701,MASCULINO,MURILLO,LA PAZ,DON BOSCO,PRIVADA,36,32,44,0,1,0,0,0,0,0,1,0.07542729151836416
6133966,FEMENINO,MURILLO,LA PAZ,UNIDAD EDUCATIVA DAMIAN DE VEUSTER,FISCAL,36,32,44,1,0,0,0,0,1,0,0,0.07542729151836416
6134063,MASCULINO,MURILLO,LA PAZ,SAN CALIXTO,PRIVADA,31,32,44,0,1,0,0,0,0,0,1,-0.6095545560455734
6134388,MASCULINO,MURILLO,LA PAZ,UEFAB,PRIVADA,36,32,44,0,1,0,0,0,0,0,1,0.07542729151836416
6134463,MASCULINO,MURILLO,EL ALTO,TCNL. RAFAEL PABON,FISCAL,33,32,32,0,1,0,0,0,1,0,0,-0.3355618170199984
6134490,MASCULINO,MURILLO,LA PAZ,SAN CALIXTO,FISCAL,36,32,44,0,1,0,0,0,1,0,0,0.07542729151836416
6134874,MASCULINO,MURILLO,LA PAZ,AVE MARIA,PRIVADA,33,32,44,0,1,0,0,0,0,0,1,-0.3355618170199984
6135999,NO RESPONDE,MURILLO,LA PAZ,SAN CALIXTO,FISCAL,52,32,44,0,0,1,0,0,1,0,0,2.2673692037229642
6136031,MASCULINO,MURILLO,LA PAZ,DOMINGO FAUSTINO SARMIENTO,FISCAL,34,32,44,0,1,0,0,0,1,0,0,-0.19856544750721086
6136143,NO RESPONDE,MURILLO,LA PAZ,SAN CALIXTO,FISCAL,52,32,44,0,0,1,0,0,1,0,0,2.2673692037229642
6136483,MASCULINO,MURILLO,LA PAZ,ADVENTISTA MIRAFLORES,PRIVADA,36,32,44,0,1,0,0,0,0,0,1,0.07542729151836416
6136852,FEMENINO,MURILLO,LA PAZ,SAN IGNACIO,PRIVADA,32,32,44,1,0,0,0,0,0,0,1,-0.4725581865327859
6137130,MASCULINO,MURILLO,LA PAZ,COMUNIDAD EDUCATIVA,CONVENIO,34,32,44,0,1,0,0,1,0,0,0,-0.19856544750721086
6137688,MASCULINO,MURILLO,LA PAZ,SAN CALIXTO,FISCAL,39,32,44,0,1,0,0,0,1,0,0,0.4864164000567267
6137948,MASCULINO,MURILLO,LA PAZ,DON BOSCO EL PRADO,PRIVADA,36,32,44,0,1,0,0,0,0,0,1,0.07542729151836416
6138050,FEMENINO,MURILLO,LA PAZ,INSTITUTO BAUTISTA CANADIENSE,PRIVADA,36,32,44,1,0,0,0,0,0,0,1,0.07542729151836416
6138236,MASCULINO,MURILLO,LA PAZ,NICEFORO ROJAS,FISCAL,36,32,44,0,1,0,0,0,1,0,0,0.07542729151836416
6138376,FEMENINO,MURILLO,LA PAZ,MARIA AUXILIADORA,PRIVADA,34,32,44,1,0,0,0,0,0,0,1,-0.19856544750721086
6138500,FEMENINO,MURILLO,EL ALTO,UNIDAD EDUCATIVA PRIVADA DEL SUR,PRIVADA,32,32,32,1,0,0,0,0,0,0,1,-0.4725581865327859
6139298,MASCULINO,MURILLO,LA PAZ,SAN CALIXTO,FISCAL,16,32,44,0,1,0,0,0,1,0,0,-2.664500098737386
6139376,MASCULINO,MURILLO,LA PAZ,SAGRADOS CORAZONES,PRIVADA,35,32,44,0,1,0,0,0,0,0,1,-0.06156907799442335
6139391,FEMENINO,MURILLO,LA PAZ,HOLANDES,FISCAL,32,32,44,1,0,0,0,0,1,0,0,-0.4725581865327859
6139403,MASCULINO,ITURRALDE,SAN BUENAVENTURA,MAX VALDIVIA E.P.D.B,CONVENIO,39,24,64,0,1,0,0,1,0,0,0,0.4864164000567267
6139799,FEMENINO,MURILLO,LA PAZ,SAN CALIXTO,FISCAL,52,32,44,1,0,0,0,0,1,0,0,2.2673692037229642
6140266,FEMENINO,MURILLO,LA PAZ,LICEO LA PAZ,FISCAL,40,32,44,1,0,0,0,0,1,0,0,0.6234127695695142
6140390,MASCULINO,MURILLO,LA PAZ,COLEGIO NACIONAL REPUBLICA DE CUBA-PACAJES,FISCAL,41,32,44,0,1,0,0,0,1,0,0,0.7604091390823018
6140443,FEMENINO,MURILLO,LA PAZ,UNIDAD EDUCATIVA ENRIQUE LINDEMANN-B,FISCAL,35,32,44,1,0,0,0,0,1,0,0,-0.06156907799442335
6140500,FEMENINO,MURILLO,LA PAZ,SAN CALIXTO,FISCAL,52,32,44,1,0,0,0,0,1,0,0,2.2673692037229642
6140511,MASCULINO,MURILLO,LA PAZ,EDUARDO AVAROA,FISCAL,38,32,44,0,1,0,0,0,1,0,0,0.3494200305439392
6140530,MASCULINO,MURILLO,LA PAZ,INSTITUTO AMERICANO,FISCAL,36,32,44,0,1,0,0,0,1,0,0,0.07542729151836416
6141585,FEMENINO,AROMA,PATACAMAYA,ATENEA,PRIVADA,31,6,52,1,0,0,0,0,0,0,1,-0.6095545560455734
6141771,MASCULINO,MURILLO,EL ALTO,SAN JOSE,CONVENIO,42,32,32,0,1,0,0,1,0,0,0,0.8974055085950893
6141793,FEMENINO,MURILLO,LA PAZ,SAN CALIXTO,FISCAL,52,32,44,1,0,0,0,0,1,0,0,2.2673692037229642
6142158,MASCULINO,INGAVI,KALLA BAJA,JOSE CARRASCO,FISCAL,37,22,40,0,1,0,0,0,1,0,0,0.21242366103115168
6142211,MASCULINO,MURILLO,LA PAZ,SAN FRANCISCO,PRIVADA,28,32,44,0,1,0,0,0,0,0,1,-1.0205436645839359
6142424,FEMENINO,MURILLO,LA PAZ,YACHAY WASY LEONARDO DA VINCI,PRIVADA,30,32,44,1,0,0,0,0,0,0,1,-0.7465509255583609
6142751,MASCULINO,MURILLO,LA PAZ,SAN CALIXTO,FISCAL,35,32,44,0,1,0,0,0,1,0,0,-0.06156907799442335
6143050,FEMENINO,MURILLO,LA PAZ,INSTITUTO AMERICANO,PRIVADA,32,32,44,1,0,0,0,0,0,0,1,-0.4725581865327859
6143151,MASCULINO,MURILLO,LA PAZ,VIRGEN DE COPACABANA,FISCAL,30,32,44,0,1,0,0,0,1,0,0,-0.7465509255583609
6143204,FEMENINO,ANDRES IBANEZ,SANTA CRUZ,SANTA BAARBARA,PRIVADA,34,3,68,1,0,0,0,0,0,0,1,-0.19856544750721086
6143259,FEMENINO,MURILLO,EL ALTO,UNIDAD EDUCATIVA F.A.B.,PRIVADA,30,32,32,1,0,0,0,0,0,0,1,-0.7465509255583609
6143374,MASCULINO,MURILLO,LA PAZ,SAN CALIXTO,FISCAL,52,32,44,0,1,0,0,0,1,0,0,2.2673692037229642
6144044,FEMENINO,MURILLO,LA PAZ,DON BOSCO,PRIVADA,31,32,44,1,0,0,0,0,0,0,1,-0.6095545560455734
6144240,MASCULINO,MURILLO,LA PAZ,AVE MARIA,PRIVADA,34,32,44,0,1,0,0,0,0,0,1,-0.19856544750721086
6144269,MASCULINO,MURILLO,LA PAZ,MAX VALDIVIA,CONVENIO,28,32,44,0,1,0,0,1,0,0,0,-1.0205436645839359
6144336,MASCULINO,MURILLO,LA PAZ,SAGRADOS CORAZONES B,FISCAL,31,32,44,0,1,0,0,0,1,0,0,-0.6095545560455734
6144398,MASCULINO,MURILLO,LA PAZ,SAN IGNACIO,PRIVADA,33,32,44,0,1,0,0,0,0,0,1,-0.3355618170199984
6144509,MASCULINO,MURILLO,EL ALTO,ADVENTISTA FRANZ TAMAYO,PRIVADA,36,32,32,0,1,0,0,0,0,0,1,0.07542729151836416
6144520,MASCULINO,MURILLO,LA PAZ,SIMON BOLIVAR,FISCAL,32,32,44,0,1,0,0,0,1,0,0,-0.4725581865327859
6144683,MASCULINO,MURILLO,LA PAZ,GUALBERTO VILLARROEL,FISCAL,39,32,44,0,1,0,0,0,1,0,0,0.4864164000567267
6144820,MASCULINO,MURILLO,LA PAZ,COLEGIO BATALLON COLORADOS,FISCAL,35,32,44,0,1,0,0,0,1,0,0,-0.06156907799442335
6145082,MASCULINO,MURILLO,LA PAZ,SAN CALIXTO,FISCAL,38,32,44,0,1,0,0,0,1,0,0,0.3494200305439392
6145156,MASCULINO,MURILLO,LA PAZ,SAN CALIXTO,FISCAL,52,32,44,0,1,0,0,0,1,0,0,2.2673692037229642
6145237,MASCULINO,MURILLO,EL ALTO,JUVENAL MARIACA,FISCAL,30,32,32,0,1,0,0,0,1,0,0,-0.7465509255583609
6145613,MASCULINO,MURILLO,LA PAZ,INSTITUTO AMERICANO,PRIVADA,31,32,44,0,1,0,0,0,0,0,1,-0.6095545560455734
6145646,MASCULINO,MURILLO,LA PAZ,JOSE CARRASCO TORICO,FISCAL,40,32,44,0,1,0,0,0,1,0,0,0.6234127695695142
6145849,MASCULINO,MURILLO,LA PAZ,MONTSERRAT,PRIVADA,37,32,44,0,1,0,0,0,0,0,1,0.21242366103115168
6146050,FEMENINO,MURILLO,LA PAZ,INSTITUTO AMERICANO,PRIVADA,32,32,44,1,0,0,0,0,0,0,1,-0.4725581865327859
6146122,FEMENINO,MURILLO,LA PAZ,COLEGIO LA SALLE,PRIVADA,29,32,44,1,0,0,0,0,0,0,1,-0.8835472950711485
6146144,MASCULINO,MURILLO,LA PAZ,MARIEN GARTEN,CONVENIO,33,32,44,0,1,0,0,1,0,0,0,-0.3355618170199984
6146213,MASCULINO,MURILLO,LA PAZ,SAN ANTONIO DE PADUA,PRIVADA,35,32,44,0,1,0,0,0,0,0,1,-0.06156907799442335
6146264,FEMENINO,MURILLO,LA PAZ,MARIA IMACULADA,CONVENIO,32,32,44,1,0,0,0,1,0,0,0,-0.4725581865327859
6146406,MASCULINO,MURILLO,LA PAZ,SAN CALIXTO,FISCAL,16,32,44,0,1,0,0,0,1,0,0,-2.664500098737386
6146439,NO RESPONDE,MURILLO,LA PAZ,SAN CALIXTO,FISCAL,16,32,44,0,0,1,0,0,1,0,0,-2.664500098737386
6146623,MASCULINO,MURILLO,LA PAZ,SAN FRANCISCO,PRIVADA,39,32,44,0,1,0,0,0,0,0,1,0.4864164000567267
6146819,MASCULINO,AROMA,LA PAZ,CEDEIN,PRIVADA,37,6,44,0,1,0,0,0,0,0,1,0.21242366103115168
6146894,MASCULINO,MURILLO,LA PAZ,U.E FAB.,PRIVADA,38,32,44,0,1,0,0,0,0,0,1,0.3494200305439392
6146927,FEMENINO,MURILLO,LA PAZ,SAN CALIXTO,PRIVADA,31,32,44,1,0,0,0,0,0,0,1,-0.6095545560455734
6147007,FEMENINO,MURILLO,LA PAZ,MARISCAL ANDRES DE SANTA CRUZ,FISCAL,41,32,44,1,0,0,0,0,1,0,0,0.7604091390823018
6147266,FEMENINO,MURILLO,LA PAZ,"TECNICO HUMANISTICO ""JOSE BALLIVIAN""",FISCAL,42,32,44,1,0,0,0,0,1,0,0,0.8974055085950893
6147553,FEMENINO,RAFAEL BUSTILLOS,POTOSI,FUERZAS ARMADAS DE LA NACION,FISCAL,42,43,54,1,0,0,0,0,1,0,0,0.8974055085950893
6147644,FEMENINO,MURILLO,LA PAZ,SAN IGNACIO,PRIVADA,32,32,44,1,0,0,0,0,0,0,1,-0.4725581865327859
6147735,MASCULINO,MURILLO,LA PAZ,FELIPE SEGUNDO GUZMAN,FISCAL,34,32,44,0,1,0,0,0,1,0,0,-0.19856544750721086
6147782,FEMENINO,MURILLO,LA PAZ,FRAY BERNARDINO DE CARDENAS,PRIVADA,33,32,44,1,0,0,0,0,0,0,1,-0.3355618170199984
6147888,MASCULINO,MURILLO,LA PAZ,DOMINGO SAVIO,CONVENIO,33,32,44,0,1,0,0,1,0,0,0,-0.3355618170199984
6147931,MASCULINO,MURILLO,LA PAZ,FRAY BERNARDINO DE CARDENAS,PRIVADA,33,32,44,0,1,0,0,0,0,0,1,-0.3355618170199984
6148158,FEMENINO,MURILLO,EL ALTO,ADRIAN CASTILLO NAVA,FISCAL,41,32,32,1,0,0,0,0,1,0,0,0.7604091390823018
6148228,MASCULINO,MURILLO,LA PAZ,SANTA BARBARA,PRIVADA,33,32,44,0,1,0,0,0,0,0,1,-0.3355618170199984
6148602,FEMENINO,MURILLO,LA PAZ,UNIDAD EDUCATIVA BOLIVIANO NORUEGO,PRIVADA,33,32,44,1,0,0,0,0,0,0,1,-0.3355618170199984
6148849,MASCULINO,SUD YUNGAS,LA PAZ,HUAYNA POTOSI,FISCAL,43,47,44,0,1,0,0,0,1,0,0,1.0344018781078768
6148851,MASCULINO,MURILLO,LA PAZ,ESTEBAN BERTOLUSSO,PRIVADA,34,32,44,0,1,0,0,0,0,0,1,-0.19856544750721086
6149460,MASCULINO,SUD YUNGAS,HUANCANE,COL. NAL. MIXTO - IXIAMAS,FISCAL,38,47,36,0,1,0,0,0,1,0,0,0.3494200305439392
6149683,FEMENINO,MURILLO,LA PAZ,INSTITUTO AMERICANO,PRIVADA,27,32,44,1,0,0,0,0,0,0,1,-1.1575400340967235
6150098,MASCULINO,MURILLO,LA PAZ,JUAN FEDERICO ZUAZO,FISCAL,31,32,44,0,1,0,0,0,1,0,0,-0.6095545560455734
6150825,MASCULINO,MURILLO,LA PAZ,INDUSTRIAL FABRIL,PRIVADA,42,32,44,0,1,0,0,0,0,0,1,0.8974055085950893
6150866,MASCULINO,MURILLO,LA PAZ,HOLANDES,FISCAL,43,32,44,0,1,0,0,0,1,0,0,1.0344018781078768
6150988,MASCULINO,MURILLO,LA PAZ,MARIA IMACULADA,PRIVADA,41,32,44,0,1,0,0,0,0,0,1,0.7604091390823018
6151116,MASCULINO,MURILLO,LA PAZ,ABRAHAM REYES,CONVENIO,39,32,44,0,1,0,0,1,0,0,0,0.4864164000567267
6151496,MASCULINO,MURILLO,EL ALTO,COLEGIO PARTICULAR LUZ A LAS NACIONES,PRIVADA,34,32,32,0,1,0,0,0,0,0,1,-0.19856544750721086
6151515,FEMENINO,MURILLO,LA PAZ,U.E. AMERINST,PRIVADA,31,32,44,1,0,0,0,0,0,0,1,-0.6095545560455734
6151788,FEMENINO,MURILLO,LA PAZ,SANTO TOMAS,CONVENIO,38,32,44,1,0,0,0,1,0,0,0,0.3494200305439392
6152123,MASCULINO,MURILLO,LA PAZ,SAN CALIXTO,FISCAL,34,32,44,0,1,0,0,0,1,0,0,-0.19856544750721086
6152645,MASCULINO,MURILLO,LA PAZ,ALCIDES ARGUEDAS,PRIVADA,37,32,44,0,1,0,0,0,0,0,1,0.21242366103115168
6152904,FEMENINO,MURILLO,LA PAZ,DOMINGO FAUSTINO SARMIENTO,FISCAL,32,32,44,1,0,0,0,0,1,0,0,-0.4725581865327859
6153058,MASCULINO,MURILLO,LA PAZ,SAN CALIXTO,FISCAL,44,32,44,0,1,0,0,0,1,0,0,1.1713982476206644
6153492,MASCULINO,MURILLO,LA PAZ,SANTA TERESA,PRIVADA,34,32,44,0,1,0,0,0,0,0,1,-0.19856544750721086
6154209,FEMENINO,MURILLO,LA PAZ,SANTISIMA TRINIDAD,PRIVADA,28,32,44,1,0,0,0,0,0,0,1,-1.0205436645839359
6154238,MASCULINO,MURILLO,LA PAZ,INGLES CATOLICO,PRIVADA,29,32,44,0,1,0,0,0,0,0,1,-0.8835472950711485
6154297,FEMENINO,OMASUYOS,LA PAZ,SANTO TOMAS FE Y ALEGRIA,CONVENIO,37,35,44,1,0,0,0,1,0,0,0,0.21242366103115168
6154522,MASCULINO,MURILLO,LA PAZ,INSTITUTO DE EDUCACION INTEGRRAL SAN PATRICIO,PRIVADA,32,32,44,0,1,0,0,0,0,0,1,-0.4725581865327859
6154529,FEMENINO,MURILLO,LA PAZ,FRANCISCO DE MIRANDA,FISCAL,34,32,44,1,0,0,0,0,1,0,0,-0.19856544750721086
6154604,NO RESPONDE,MURILLO,LA PAZ,HUGO DAVILA B,FISCAL,37,32,44,0,0,1,0,0,1,0,0,0.21242366103115168
6154712,MASCULINO,MURILLO,LA PAZ,DON BOSCO,CEMA,47,32,44,0,1,0,1,0,0,0,0,1.582387356159027
6154827,FEMENINO,MURILLO,LA PAZ,GERMAN BUSCH,FISCAL,30,32,44,1,0,0,0,0,1,0,0,-0.7465509255583609
6154871,MASCULINO,MURILLO,LA PAZ,SAGRADA FAMILIA,CONVENIO,33,32,44,0,1,0,0,1,0,0,0,-0.3355618170199984
6155748,FEMENINO,MURILLO,EL ALTO,"""25 DE JULIO"" SENKATA ""B""",FISCAL,29,32,32,1,0,0,0,0,1,0,0,-0.8835472950711485
6156588,MASCULINO,MURILLO,LA PAZ,SAN FERNANDO,PRIVADA,40,32,44,0,1,0,0,0,0,0,1,0.6234127695695142
6156714,MASCULINO,MURILLO,LA PAZ,ELISA DE BALLIVIAN,FISCAL,36,32,44,0,1,0,0,0,1,0,0,0.07542729151836416
6156740,MASCULINO,MURILLO,LA PAZ,ABRAHAM REYES,FISCAL,39,32,44,0,1,0,0,0,1,0,0,0.4864164000567267
6156759,NO RESPONDE,MURILLO,LA PAZ,SAN CALIXTO,FISCAL,52,32,44,0,0,1,0,0,1,0,0,2.2673692037229642
6158026,MASCULINO,MURILLO,LA PAZ,MARIEN GARTEN,CONVENIO,29,32,44,0,1,0,0,1,0,0,0,-0.8835472950711485
6158341,MASCULINO,MURILLO,LA PAZ,ALFREDO VARGAS,FISCAL,40,32,44,0,1,0,0,0,1,0,0,0.6234127695695142
6159567,FEMENINO,MURILLO,LA PAZ,LORETTO,PRIVADA,32,32,44,1,0,0,0,0,0,0,1,-0.4725581865327859
6159932,MASCULINO,MURILLO,EL ALTO,JESUS OBRERO,FISCAL,37,32,32,0,1,0,0,0,1,0,0,0.21242366103115168
6160253,FEMENINO,MURILLO,LA PAZ,DORA SCHMIDT,FISCAL,41,32,44,1,0,0,0,0,1,0,0,0.7604091390823018
6160460,FEMENINO,MURILLO,LA PAZ,IRENE NAVA DE CASTILLO,FISCAL,34,32,44,1,0,0,0,0,1,0,0,-0.19856544750721086
6160634,FEMENINO,MURILLO,LA PAZ,SAN CALIXTO,FISCAL,35,32,44,1,0,0,0,0,1,0,0,-0.06156907799442335
6160882,MASCULINO,MURILLO,LA PAZ,INSTITUTO AMERICANO,PRIVADA,40,32,44,0,1,0,0,0,0,0,1,0.6234127695695142
6161172,MASCULINO,MURILLO,LA PAZ,AVE MARIA,PRIVADA,33,32,44,0,1,0,0,0,0,0,1,-0.3355618170199984
6161498,MASCULINO,MURILLO,LA PAZ,LA SALLE,CONVENIO,32,32,44,0,1,0,0,1,0,0,0,-0.4725581865327859
6161951,FEMENINO,MURILLO,LA PAZ,DAMIAN DE VEUSTER SS.CC.,CONVENIO,41,32,44,1,0,0,0,1,0,0,0,0.7604091390823018
6162446,MASCULINO,MURILLO,LA PAZ,DON BOSCO,FISCAL,42,32,44,0,1,0,0,0,1,0,0,0.8974055085950893
6162540,MASCULINO,MURILLO,LA PAZ,COL. NACIONAL MIXTO COPACABANA,FISCAL,39,32,44,0,1,0,0,0,1,0,0,0.4864164000567267
6163218,MASCULINO,MURILLO,LA PAZ,INSTITUTO AMERICANO,FISCAL,29,32,44,0,1,0,0,0,1,0,0,-0.8835472950711485
6164118,FEMENINO,MURILLO,LA PAZ,SAN FRANCISCO DE LA TERCERA ORDEN FRANCISCANA,PRIVADA,16,32,44,1,0,0,0,0,0,0,1,-2.664500098737386
6164482,MASCULINO,MURILLO,LA PAZ,LA PAZ,CONVENIO,38,32,44,0,1,0,0,1,0,0,0,0.3494200305439392
6164695,MASCULINO,MURILLO,LA PAZ,SAN IGNACIO,PRIVADA,33,32,44,0,1,0,0,0,0,0,1,-0.3355618170199984
6164781,MASCULINO,MURILLO,LA PAZ,SAN CALIXTO,FISCAL,16,32,44,0,1,0,0,0,1,0,0,-2.664500098737386
6164864,MASCULINO,MURILLO,LA PAZ,MONTSERRAT COLLEGE,PRIVADA,33,32,44,0,1,0,0,0,0,0,1,-0.3355618170199984
6164901,MASCULINO,MURILLO,LA PAZ,JOSE MANUEL PANDO,FISCAL,43,32,44,0,1,0,0,0,1,0,0,1.0344018781078768
6165595,MASCULINO,MURILLO,LA PAZ,SAN ANTONIO DE PADUA,PRIVADA,33,32,44,0,1,0,0,0,0,0,1,-0.3355618170199984
6165687,MASCULINO,MURILLO,LA PAZ,DON BOSCO,CONVENIO,31,32,44,0,1,0,0,1,0,0,0,-0.6095545560455734
6165850,MASCULINO,MURILLO,LA PAZ,ITALO BOLIVIANO CRISTOFORO COLOMBO,PRIVADA,33,32,44,0,1,0,0,0,0,0,1,-0.3355618170199984
6166172,MASCULINO,MURILLO,EL ALTO,UNIDAD EDUCATIVA HORIZONTES,FISCAL,30,32,32,0,1,0,0,0,1,0,0,-0.7465509255583609
6166537,MASCULINO,MURILLO,LA PAZ,DON BOSCO EL PRADO,CONVENIO,31,32,44,0,1,0,0,1,0,0,0,-0.6095545560455734
6166808,MASCULINO,MURILLO,LA PAZ,SAN CALIXTO,FISCAL,52,32,44,0,1,0,0,0,1,0,0,2.2673692037229642
6166822,MASCULINO,MURILLO,LA PAZ,"DON BOSCO ""EL PRADO""",PRIVADA,34,32,44,0,1,0,0,0,0,0,1,-0.19856544750721086
6166983,MASCULINO,MURILLO,LA PAZ,MARISCAL SUCRE,FISCAL,44,32,44,0,1,0,0,0,1,0,0,1.1713982476206644
6167222,FEMENINO,MURILLO,LA PAZ,SAN IGNACIO,PRIVADA,32,32,44,1,0,0,0,0,0,0,1,-0.4725581865327859
6167313,MASCULINO,MURILLO,LA PAZ,DORA SCHMIDT,FISCAL,36,32,44,0,1,0,0,0,1,0,0,0.07542729151836416
6167332,MASCULINO,MURILLO,LA PAZ,RVDO. PADRE ESTEBAN BERTOLUSSO,PRIVADA,36,32,44,0,1,0,0,0,0,0,1,0.07542729151836416
6167404,MASCULINO,MURILLO,LA PAZ,SANTA ANA,PRIVADA,32,32,44,0,1,0,0,0,0,0,1,-0.4725581865327859
6167607,MASCULINO,MURILLO,LA PAZ,IRENE NAVA DE CASTILLO,FISCAL,34,32,44,0,1,0,0,0,1,0,0,-0.19856544750721086
6167695,FEMENINO,MURILLO,LA PAZ,SANTA MARIA CENAFI,PRIVADA,34,32,44,1,0,0,0,0,0,0,1,-0.19856544750721086
6168494,FEMENINO,MURILLO,LA PAZ,SAN CALIXTO,FISCAL,52,32,44,1,0,0,0,0,1,0,0,2.2673692037229642
6168600,MASCULINO,MURILLO,LA PAZ,AMORETTI,PRIVADA,28,32,44,0,1,0,0,0,0,0,1,-1.0205436645839359
6168742,FEMENINO,CARANAVI,LA PAZ,LUIS ALBERTO PABON,FISCAL,29,11,44,1,0,0,0,0,1,0,0,-0.8835472950711485
6168798,MASCULINO,MURILLO,LA PAZ,SAN CALIXTO,FISCAL,16,32,44,0,1,0,0,0,1,0,0,-2.664500098737386
6168961,MASCULINO,MURILLO,LA PAZ,UNIDAD EDUCATIVA AMERICA I,PRIVADA,31,32,44,0,1,0,0,0,0,0,1,-0.6095545560455734
6168980,MASCULINO,MURILLO,LA PAZ,SAN CALIXTO,FISCAL,26,32,44,0,1,0,0,0,1,0,0,-1.294536403609511
6169036,MASCULINO,MURILLO,LA PAZ,"UNIDAD EDUCATIVA ""SAN ANDRES""",CONVENIO,32,32,44,0,1,0,0,1,0,0,0,-0.4725581865327859
6169320,MASCULINO,MURILLO,LA PAZ,ADOLFO COSTA DU RELS,FISCAL,35,32,44,0,1,0,0,0,1,0,0,-0.06156907799442335
6169410,MASCULINO,MURILLO,LA PAZ,SAN SIMON DE AYACUCHO,FISCAL,33,32,44,0,1,0,0,0,1,0,0,-0.3355618170199984
6169680,MASCULINO,MURILLO,LA PAZ,COLEGIO BOLIVIANO ISRAELITA,PRIVADA,30,32,44,0,1,0,0,0,0,0,1,-0.7465509255583609
6169712,MASCULINO,MURILLO,LA PAZ,INSTITUTO AMERICANO,CONVENIO,30,32,44,0,1,0,0,1,0,0,0,-0.7465509255583609
6170708,MASCULINO,OROPEZA,SUCRE,SAN CALIXTO,PRIVADA,40,36,71,0,1,0,0,0,0,0,1,0.6234127695695142
6171182,MASCULINO,MURILLO,LA PAZ,SAN FRANCISCO,PRIVADA,39,32,44,0,1,0,0,0,0,0,1,0.4864164000567267
6171514,MASCULINO,MURILLO,LA PAZ,U. E. NICEFORO ROJAS,FISCAL,31,32,44,0,1,0,0,0,1,0,0,-0.6095545560455734
6171734,MASCULINO,MURILLO,LA PAZ,INSTITUTO DOMINGO SAVIO,CONVENIO,30,32,44,0,1,0,0,1,0,0,0,-0.7465509255583609
6172349,NO RESPONDE,MURILLO,LA PAZ,CENTRO EDUCATIVO PRIVADO KARL ALEXANDER,PRIVADA,34,32,44,0,0,1,0,0,0,0,1,-0.19856544750721086
6172470,NO RESPONDE,MURILLO,LA PAZ,SAN CALIXTO,FISCAL,52,32,44,0,0,1,0,0,1,0,0,2.2673692037229642
6172495,MASCULINO,MURILLO,LA PAZ,HOLANDES,FISCAL,34,32,44,0,1,0,0,0,1,0,0,-0.19856544750721086
6172574,FEMENINO,MURILLO,LA PAZ,U.E. LA MERCED,FISCAL,42,32,44,1,0,0,0,0,1,0,0,0.8974055085950893
6172772,NO RESPONDE,MURILLO,LA PAZ,SAN CALIXTO,FISCAL,16,32,44,0,0,1,0,0,1,0,0,-2.664500098737386
6173394,MASCULINO,MURILLO,LA PAZ,SAN CALIXTO,FISCAL,31,32,44,0,1,0,0,0,1,0,0,-0.6095545560455734
6174466,FEMENINO,MURILLO,LA PAZ,DON BOSCO,CONVENIO,31,32,44,1,0,0,0,1,0,0,0,-0.6095545560455734
6174475,MASCULINO,MURILLO,LA PAZ,VIDA NUEVA,CONVENIO,33,32,44,0,1,0,0,1,0,0,0,-0.3355618170199984
6174865,MASCULINO,MURILLO,LA PAZ,BOLIVIANO NORUEGO,CONVENIO,39,32,44,0,1,0,0,1,0,0,0,0.4864164000567267
6174883,FEMENINO,ANDRES IBAAEZ,SANTA CRUZ,MAX VALDIVIA,CONVENIO,31,2,68,1,0,0,0,1,0,0,0,-0.6095545560455734
6174972,MASCULINO,MURILLO,LA PAZ,LUIS ESPINAL CAMPS,FISCAL,34,32,44,0,1,0,0,0,1,0,0,-0.19856544750721086
6175034,MASCULINO,MURILLO,LA PAZ,"TEC. HUM. MCAL. ""JOSE BALLIVIAN""",FISCAL,29,32,44,0,1,0,0,0,1,0,0,-0.8835472950711485
6175522,FEMENINO,MURILLO,LA PAZ,INSTITUTO BAUTISTA CANADIENSE,PRIVADA,35,32,44,1,0,0,0,0,0,0,1,-0.06156907799442335
6175698,MASCULINO,MURILLO,LA PAZ,SAN CALIXTO,PRIVADA,32,32,44,0,1,0,0,0,0,0,1,-0.4725581865327859
6176003,FEMENINO,MURILLO,LA PAZ,UNIDAD EDUCATIVA PRIVADA SAN MATIAS,PRIVADA,33,32,44,1,0,0,0,0,0,0,1,-0.3355618170199984
6176088,MASCULINO,ANTONIO QUIJARRO,UYUNI,LICEO MILITAR,PRIVADA,34,4,77,0,1,0,0,0,0,0,1,-0.19856544750721086
6176283,MASCULINO,MURILLO,LA PAZ,MERCEDES BELZU DE DORADO,FISCAL,38,32,44,0,1,0,0,0,1,0,0,0.3494200305439392
6176332,FEMENINO,MURILLO,LA PAZ,VIRGEN DE COPACABANA,PRIVADA,32,32,44,1,0,0,0,0,0,0,1,-0.4725581865327859
6176461,MASCULINO,MURILLO,LA PAZ,SAN CALIXTO,PRIVADA,29,32,44,0,1,0,0,0,0,0,1,-0.8835472950711485
6176529,MASCULINO,MURILLO,LA PAZ,SAN MARTIN DE PORRES DON BOSCO,CONVENIO,36,32,44,0,1,0,0,1,0,0,0,0.07542729151836416
6176783,FEMENINO,MURILLO,EL ALTO,U.E. SIMON BOLIVAR,FISCAL,38,32,32,1,0,0,0,0,1,0,0,0.3494200305439392
6176794,MASCULINO,MURILLO,LA PAZ,AVE MARIA,PRIVADA,29,32,44,0,1,0,0,0,0,0,1,-0.8835472950711485
6177075,FEMENINO,MURILLO,LA PAZ,SAN CALIXTO,FISCAL,16,32,44,1,0,0,0,0,1,0,0,-2.664500098737386
6177495,MASCULINO,MURILLO,LA PAZ,MARISCAL ANDRES DE SANTA CRUZ,FISCAL,40,32,44,0,1,0,0,0,1,0,0,0.6234127695695142
6177619,MASCULINO,MURILLO,LA PAZ,SIMON BOLIVAR,FISCAL,40,32,44,0,1,0,0,0,1,0,0,0.6234127695695142
6177816,MASCULINO,MURILLO,LA PAZ,NAL. GERMAN BUSCH,FISCAL,37,32,44,0,1,0,0,0,1,0,0,0.21242366103115168
6177926,MASCULINO,MURILLO,LA PAZ,SANTO TOMAAS,CONVENIO,36,32,44,0,1,0,0,1,0,0,0,0.07542729151836416
6177930,FEMENINO,MURILLO,LA PAZ,SERGIO ALMARAZ DE FE Y ALEGRIA,FISCAL,33,32,44,1,0,0,0,0,1,0,0,-0.3355618170199984
6178204,MASCULINO,MURILLO,LA PAZ,UNION EUROPEO,FISCAL,39,32,44,0,1,0,0,0,1,0,0,0.4864164000567267
6178243,MASCULINO,MURILLO,LA PAZ,LA SALLE,PRIVADA,30,32,44,0,1,0,0,0,0,0,1,-0.7465509255583609
6178363,NO RESPONDE,MURILLO,LA PAZ,SAN CALIXTO,FISCAL,52,32,44,0,0,1,0,0,1,0,0,2.2673692037229642
6178512,MASCULINO,MURILLO,LA PAZ,JOSE CARRASCO TORRICO,FISCAL,32,32,44,0,1,0,0,0,1,0,0,-0.4725581865327859
6178601,MASCULINO,MURILLO,LA PAZ,COLEGIO NACIONAL TECNICO HUMANISTICO FRANZ TAMAYO,FISCAL,34,32,44,0,1,0,0,0,1,0,0,-0.19856544750721086
6178623,MASCULINO,MURILLO,LA PAZ,GERMAN BUSCH,FISCAL,38,32,44,0,1,0,0,0,1,0,0,0.3494200305439392
6178662,MASCULINO,MURILLO,LA PAZ,SAN IGNACIO,PRIVADA,29,32,44,0,1,0,0,0,0,0,1,-0.8835472950711485
6178799,MASCULINO,MURILLO,LA PAZ,GUAALBERTO VILLARROEL,FISCAL,28,32,44,0,1,0,0,0,1,0,0,-1.0205436645839359
6179988,MASCULINO,MURILLO,LA PAZ,U. E. P. SAN JOSE,PRIVADA,32,32,44,0,1,0,0,0,0,0,1,-0.4725581865327859
6180655,MASCULINO,MURILLO,LA PAZ,ALFREDO VARGAS,FISCAL,32,32,44,0,1,0,0,0,1,0,0,-0.4725581865327859
6181274,FEMENINO,MURILLO,LA PAZ,SAN CALIXTO,FISCAL,30,32,44,1,0,0,0,0,1,0,0,-0.7465509255583609
6182120,MASCULINO,MURILLO,EL ALTO,6 DE JUNIO C,FISCAL,30,32,32,0,1,0,0,0,1,0,0,-0.7465509255583609
6182146,MASCULINO,MURILLO,LA PAZ,HUMBERTO QUEZADA ARCE,FISCAL,35,32,44,0,1,0,0,0,1,0,0,-0.06156907799442335
6182176,MASCULINO,MURILLO,LA PAZ,HMNA. QUINTINA PEREZ,FISCAL,37,32,44,0,1,0,0,0,1,0,0,0.21242366103115168
6182340,FEMENINO,MURILLO,LA PAZ,INSTITUTO AMERICANO,CONVENIO,32,32,44,1,0,0,0,1,0,0,0,-0.4725581865327859
6182943,MASCULINO,GUALBERTO VILLARROEL,LA PAZ,LA SALLE,CONVENIO,32,21,44,0,1,0,0,1,0,0,0,-0.4725581865327859
6183257,FEMENINO,MURILLO,LA PAZ,SAN IGNACIO,PRIVADA,29,32,44,1,0,0,0,0,0,0,1,-0.8835472950711485
6183768,MASCULINO,MURILLO,LA PAZ,ADVENTISTA MIRAFLORES,PRIVADA,37,32,44,0,1,0,0,0,0,0,1,0.21242366103115168
6183831,MASCULINO,MURILLO,LA PAZ,INSTITUTO ADVENTISTA LOS ANDES,PRIVADA,36,32,44,0,1,0,0,0,0,0,1,0.07542729151836416
6185094,FEMENINO,MANCO KAPAC,LA PAZ,LICEO VENEZUELA,FISCAL,35,29,44,1,0,0,0,0,1,0,0,-0.06156907799442335
6185105,MASCULINO,MURILLO,LA PAZ,SANTA ANA,PRIVADA,31,32,44,0,1,0,0,0,0,0,1,-0.6095545560455734
6185306,MASCULINO,INGAVI,VIACHA,JOSE BALLIVIAN,FISCAL,43,22,78,0,1,0,0,0,1,0,0,1.0344018781078768
6185752,MASCULINO,MURILLO,LA PAZ,TECNICO JOSE BALLIVIAN,FISCAL,38,32,44,0,1,0,0,0,1,0,0,0.3494200305439392
6185864,MASCULINO,MURILLO,EL ALTO,CARLOS ANDRES PEREZ,FISCAL,44,32,32,0,1,0,0,0,1,0,0,1.1713982476206644
6186028,MASCULINO,MURILLO,LA PAZ,BOLIVIA II,FISCAL,39,32,44,0,1,0,0,0,1,0,0,0.4864164000567267
6186296,MASCULINO,LOS ANDES,PUCARANI,"U.E. ""FRANZ TAMAYO""",FISCAL,35,28,55,0,1,0,0,0,1,0,0,-0.06156907799442335
6186841,NO RESPONDE,MURILLO,LA PAZ,SAN CALIXTO,FISCAL,16,32,44,0,0,1,0,0,1,0,0,-2.664500098737386
6188754,MASCULINO,MURILLO,LA PAZ,SANTO TOMAS FE Y ALEGRIA,FISCAL,38,32,44,0,1,0,0,0,1,0,0,0.3494200305439392
6189483,MASCULINO,SUD YUNGAS,LA PAZ,COL. TEC. HUM.AGROP. SAPECHO B,FISCAL,34,47,44,0,1,0,0,0,1,0,0,-0.19856544750721086
6189563,MASCULINO,MURILLO,LA PAZ,C.E.A. LA PAZ DON BOSCO,PRIVADA,39,32,44,0,1,0,0,0,0,0,1,0.4864164000567267
6189658,MASCULINO,MURILLO,LA PAZ,HUGO DAVILA,FISCAL,35,32,44,0,1,0,0,0,1,0,0,-0.06156907799442335
6189812,MASCULINO,MURILLO,LA PAZ,U.E. 6 DE JUNIO,FISCAL,38,32,44,0,1,0,0,0,1,0,0,0.3494200305439392
6191014,MASCULINO,MURILLO,LA PAZ,SAN ANDRES,CONVENIO,33,32,44,0,1,0,0,1,0,0,0,-0.3355618170199984
6191279,MASCULINO,MURILLO,EL ALTO,UNIDAD EDUCATIVA FUERZA AEREA BOLIVIANA,PRIVADA,33,32,32,0,1,0,0,0,0,0,1,-0.3355618170199984
6191431,MASCULINO,MURILLO,LA PAZ,FUERSAS ARMADAS DE LA NACION,FISCAL,39,32,44,0,1,0,0,0,1,0,0,0.4864164000567267
6191506,MASCULINO,MURILLO,LA PAZ,AVE MARIA,PRIVADA,34,32,44,0,1,0,0,0,0,0,1,-0.19856544750721086
6191545,MASCULINO,MURILLO,LA PAZ,DON BOSCO,FISCAL,35,32,44,0,1,0,0,0,1,0,0,-0.06156907799442335
6193101,MASCULINO,CHIQUITOS,SAN JOSE DE CHIQUITOS,U. E. SAGRADOS CORAZONES A,PRIVADA,31,14,66,0,1,0,0,0,0,0,1,-0.6095545560455734
6193265,MASCULINO,MURILLO,LA PAZ,NACIONAL MIXTO TOPATER,FISCAL,39,32,44,0,1,0,0,0,1,0,0,0.4864164000567267
6193488,MASCULINO,MURILLO,LA PAZ,LIBERTADORES DE AMERICA,PRIVADA,32,32,44,0,1,0,0,0,0,0,1,-0.4725581865327859
6193584,FEMENINO,SUD YUNGAS,CHULUMANI,REPUBLICA DE FRANCIA,FISCAL,28,47,21,1,0,0,0,0,1,0,0,-1.0205436645839359
6193585,MASCULINO,MURILLO,LA PAZ,REPUBLICA DE FRANCIA,FISCAL,31,32,44,0,1,0,0,0,1,0,0,-0.6095545560455734
6194973,FEMENINO,MURILLO,LA PAZ,SAN CALIXTO,FISCAL,16,32,44,1,0,0,0,0,1,0,0,-2.664500098737386
6195218,MASCULINO,MURILLO,LA PAZ,SAN JOSE,PRIVADA,31,32,44,0,1,0,0,0,0,0,1,-0.6095545560455734
6196686,FEMENINO,LARECAJA,PUEBLO SANTA ROSA DE MAPIRI,SANTA ROSA,FISCAL,40,26,56,1,0,0,0,0,1,0,0,0.6234127695695142
6196904,FEMENINO,MURILLO,LA PAZ,HORIZONTES,PRIVADA,34,32,44,1,0,0,0,0,0,0,1,-0.19856544750721086
6197386,FEMENINO,MURILLO,LA PAZ,UNIDAD EDUATIVA DEL EJERCITO,PRIVADA,31,32,44,1,0,0,0,0,0,0,1,-0.6095545560455734
6198675,MASCULINO,MURILLO,LA PAZ,COLEGIO CALVERT,PRIVADA,32,32,44,0,1,0,0,0,0,0,1,-0.4725581865327859
6198696,FEMENINO,MURILLO,LA PAZ,FRAY BERNARDINO DE CARDENAS,PRIVADA,33,32,44,1,0,0,0,0,0,0,1,-0.3355618170199984
6198806,MASCULINO,MURILLO,LA PAZ,MARIEN GARTEN,CONVENIO,30,32,44,0,1,0,0,1,0,0,0,-0.7465509255583609
6198808,FEMENINO,MURILLO,LA PAZ,COL NAL. MIXTO. SIMON BOLIVAR,FISCAL,33,32,44,1,0,0,0,0,1,0,0,-0.3355618170199984
6198878,FEMENINO,MURILLO,LA PAZ,DON BOSCO,CONVENIO,32,32,44,1,0,0,0,1,0,0,0,-0.4725581865327859
6198970,MASCULINO,NOR YUNGAS,TAYPI PLAYA,ITURRALDE,FISCAL,40,34,74,0,1,0,0,0,1,0,0,0.6234127695695142
6199191,MASCULINO,MURILLO,LA PAZ,INST. ADVENTISTA LOS ANDES,PRIVADA,29,32,44,0,1,0,0,0,0,0,1,-0.8835472950711485
6199346,FEMENINO,MURILLO,LA PAZ,"HUGO DAVILA ""A""",FISCAL,41,32,44,1,0,0,0,0,1,0,0,0.7604091390823018
6199401,MASCULINO,MURILLO,LA PAZ,AVE MARIA,PRIVADA,32,32,44,0,1,0,0,0,0,0,1,-0.4725581865327859
6199797,FEMENINO,MURILLO,LA PAZ,RAFAEL PABON CUEVAS,FISCAL,43,32,44,1,0,0,0,0,1,0,0,1.0344018781078768
6199860,MASCULINO,MURILLO,LA PAZ,SAN CALIXTO,PRIVADA,31,32,44,0,1,0,0,0,0,0,1,-0.6095545560455734
6222005,MASCULINO,OTRO,ORURO,INTERNACIONAL DE LA SIERRA,PRIVADA,31,38,50,0,1,0,0,0,0,0,1,-0.6095545560455734
6245708,MASCULINO,MURILLO,LA PAZ,SAN CALIXTO,FISCAL,52,32,44,0,1,0,0,0,1,0,0,2.2673692037229642
6248205,FEMENINO,ANDRES IBANEZ,SANTA CRUZ DE LA SIERRA,CARDENAL CUSHING,PRIVADA,33,3,69,1,0,0,0,0,0,0,1,-0.3355618170199984
6253397,MASCULINO,OTRO,ORURO,AMERICA FE Y ALEGRIA,CONVENIO,42,38,50,0,1,0,0,1,0,0,0,0.8974055085950893
6348738,MASCULINO,CHIQUITOS,ROBORE,COLEGIO AMERICA,FISCAL,35,14,62,0,1,0,0,0,1,0,0,-0.06156907799442335
6544790,MASCULINO,MURILLO,LA PAZ,SAN IGNACIO,PRIVADA,30,32,44,0,1,0,0,0,0,0,1,-0.7465509255583609
6564643,MASCULINO,BUSTILLO,LLALLAGUA,SIGLO XX AMERICA,FISCAL,43,9,46,0,1,0,0,0,1,0,0,1.0344018781078768
6590611,FEMENINO,FRIAS,POTOSI,SANTA MARIA,PRIVADA,33,18,54,1,0,0,0,0,0,0,1,-0.3355618170199984
6593915,FEMENINO,ANTONIO QUIJARRO,CHACALA,TOMAS FRIAS,FISCAL,36,4,17,1,0,0,0,0,1,0,0,0.07542729151836416
6593984,MASCULINO,SUD CHICAS,POTOSI,GREGORIO PACHECO,FISCAL,32,45,54,0,1,0,0,0,1,0,0,-0.4725581865327859
6595624,MASCULINO,SUD CHICAS,TUPIZA,COLEGIO,FISCAL,31,45,76,0,1,0,0,0,1,0,0,-0.6095545560455734
6599865,MASCULINO,MURILLO,LA PAZ,ASPIAZU,CEMA,34,32,44,0,1,0,1,0,0,0,0,-0.19856544750721086
6623823,MASCULINO,MURILLO,LA PAZ,INGLES SANTA EUFRASIA,PRIVADA,31,32,44,0,1,0,0,0,0,0,1,-0.6095545560455734
6623902,NO RESPONDE,MURILLO,LA PAZ,SAN CALIXTO,FISCAL,16,32,44,0,0,1,0,0,1,0,0,-2.664500098737386
6623937,FEMENINO,SUD CHICAS,TUPIZA,COLEGIO NACIONAL MIXTO ESMORACA,FISCAL,34,45,76,1,0,0,0,0,1,0,0,-0.19856544750721086
6648889,MASCULINO,MURILLO,LA PAZ,INGLES CATOLICO,PRIVADA,27,32,44,0,1,0,0,0,0,0,1,-1.1575400340967235
6676010,MASCULINO,MODESTO OMISTE,VILLAZON,NACIONAL MIXTO 9 DE ABRIL,FISCAL,35,30,81,0,1,0,0,0,1,0,0,-0.06156907799442335
6680455,FEMENINO,TOMAS FRIAS,POTOSI,LICEO DE SENORITAS,FISCAL,33,48,54,1,0,0,0,0,1,0,0,-0.3355618170199984
6683262,MASCULINO,MURILLO,LA PAZ,SAN CALIXTO,FISCAL,16,32,44,0,1,0,0,0,1,0,0,-2.664500098737386
6705072,MASCULINO,TOMAS FRIAS,POTOSI,VILIROCO,FISCAL,38,48,54,0,1,0,0,0,1,0,0,0.3494200305439392
6709504,MASCULINO,SUD CHICAS,ATOCHA,CHICHAS,FISCAL,34,45,7,0,1,0,0,0,1,0,0,-0.19856544750721086
6714168,MASCULINO,SUD CHICAS,TUPIZA,SANTA ANA,CONVENIO,34,45,76,0,1,0,0,1,0,0,0,-0.19856544750721086
6717319,MASCULINO,RAFAEL BUSTILLOS,POTOSI,SIGLO XX AMERICA,FISCAL,38,43,54,0,1,0,0,0,1,0,0,0.3494200305439392
6720456,MASCULINO,MURILLO,LA PAZ,SAN CALIXTO,PRIVADA,28,32,44,0,1,0,0,0,0,0,1,-1.0205436645839359
6720486,MASCULINO,MURILLO,LA PAZ,INSTITUTO DE EDUCACIAA2N BANCARIA,PRIVADA,33,32,44,0,1,0,0,0,0,0,1,-0.3355618170199984
6720788,MASCULINO,MURILLO,LA PAZ,INSTITUTO ADVENTISTA LOS ANDES,PRIVADA,35,32,44,0,1,0,0,0,0,0,1,-0.06156907799442335
6720882,MASCULINO,MURILLO,LA PAZ,SANTISIMA TRINIDAD,PRIVADA,32,32,44,0,1,0,0,0,0,0,1,-0.4725581865327859
6720996,MASCULINO,MURILLO,LA PAZ,SAGRADOS CORAZONES,PRIVADA,40,32,44,0,1,0,0,0,0,0,1,0.6234127695695142
6721512,MASCULINO,MURILLO,LA PAZ,INSTITUTO AMERICANO,CONVENIO,33,32,44,0,1,0,0,1,0,0,0,-0.3355618170199984
6721603,MASCULINO,MURILLO,LA PAZ,DON BOSCO,CONVENIO,38,32,44,0,1,0,0,1,0,0,0,0.3494200305439392
6721786,MASCULINO,MURILLO,LA PAZ,SIMON BOLIVAR,FISCAL,41,32,44,0,1,0,0,0,1,0,0,0.7604091390823018
6721796,FEMENINO,MURILLO,LA PAZ,INGLES CATOLICO,PRIVADA,30,32,44,1,0,0,0,0,0,0,1,-0.7465509255583609
6722158,MASCULINO,MURILLO,LA PAZ,INSTITUTO AMERICANO,CONVENIO,34,32,44,0,1,0,0,1,0,0,0,-0.19856544750721086
6722232,FEMENINO,MURILLO,LA PAZ,INGLES CATOLICO,PRIVADA,35,32,44,1,0,0,0,0,0,0,1,-0.06156907799442335
6722921,FEMENINO,MURILLO,LA PAZ,U.E. JUAN PABLO II,FISCAL,32,32,44,1,0,0,0,0,1,0,0,-0.4725581865327859
6722959,MASCULINO,MURILLO,LA PAZ,SAN CALIXTO,FISCAL,38,32,44,0,1,0,0,0,1,0,0,0.3494200305439392
6723086,FEMENINO,MURILLO,LA PAZ,COLEGIO INTERNACIONAL DEL SUR,PRIVADA,28,32,44,1,0,0,0,0,0,0,1,-1.0205436645839359
6723269,FEMENINO,MURILLO,LA PAZ,VIDA NUEVA,CONVENIO,33,32,44,1,0,0,0,1,0,0,0,-0.3355618170199984
6723295,MASCULINO,MURILLO,LA PAZ,AVE MARIA,PRIVADA,32,32,44,0,1,0,0,0,0,0,1,-0.4725581865327859
6723648,MASCULINO,MURILLO,LA PAZ,AVE MARIA,PRIVADA,31,32,44,0,1,0,0,0,0,0,1,-0.6095545560455734
6723882,MASCULINO,MURILLO,LA PAZ,MONTSERRAT,PRIVADA,38,32,44,0,1,0,0,0,0,0,1,0.3494200305439392
6724288,FEMENINO,PACAJES,LA PAZ,U. E. HOLANDA,FISCAL,42,39,44,1,0,0,0,0,1,0,0,0.8974055085950893
6725281,FEMENINO,MURILLO,LA PAZ,SAN LUIS,FISCAL,29,32,44,1,0,0,0,0,1,0,0,-0.8835472950711485
6725372,MASCULINO,MURILLO,LA PAZ,TOPATER,FISCAL,30,32,44,0,1,0,0,0,1,0,0,-0.7465509255583609
6725440,MASCULINO,INGAVI,LA PAZ,NAC.,FISCAL,39,22,44,0,1,0,0,0,1,0,0,0.4864164000567267
6725612,MASCULINO,PACAJES,COROCORO,JUAN LECHIN OQUENDO,CEMA,37,39,28,0,1,0,1,0,0,0,0,0.21242366103115168
6725745,MASCULINO,MURILLO,LA PAZ,NATALIA PALACIOS,FISCAL,32,32,44,0,1,0,0,0,1,0,0,-0.4725581865327859
6725882,MASCULINO,MURILLO,LA PAZ,IGNACIO CALDERON,FISCAL,37,32,44,0,1,0,0,0,1,0,0,0.21242366103115168
6725944,FEMENINO,MURILLO,LA PAZ,"UNIDAD EDUCATIVA ""HOLANDA""",FISCAL,39,32,44,1,0,0,0,0,1,0,0,0.4864164000567267
6725971,MASCULINO,MURILLO,LA PAZ,JESUS OBRERO,FISCAL,36,32,44,0,1,0,0,0,1,0,0,0.07542729151836416
6726076,MASCULINO,MURILLO,LA PAZ,PANTALEON DALENCE,PRIVADA,34,32,44,0,1,0,0,0,0,0,1,-0.19856544750721086
6726160,MASCULINO,MURILLO,EL ALTO,COLEGIO ADVENTISTA FRANZ TAMAYO,PRIVADA,33,32,32,0,1,0,0,0,0,0,1,-0.3355618170199984
6726283,MASCULINO,MURILLO,LA PAZ,DORA SCHMIDT,FISCAL,31,32,44,0,1,0,0,0,1,0,0,-0.6095545560455734
6726316,MASCULINO,MURILLO,LA PAZ,ANTONIO DIAZ VILLAMIL,FISCAL,34,32,44,0,1,0,0,0,1,0,0,-0.19856544750721086
6726381,FEMENINO,MURILLO,LA PAZ,U.E NACIONAL MIXTO COPACABANA,FISCAL,34,32,44,1,0,0,0,0,1,0,0,-0.19856544750721086
6726404,MASCULINO,MURILLO,LA PAZ,GERMAN BUCH,FISCAL,38,32,44,0,1,0,0,0,1,0,0,0.3494200305439392
6726630,MASCULINO,MURILLO,LA PAZ,I.E. SAN FERNANDO,PRIVADA,30,32,44,0,1,0,0,0,0,0,1,-0.7465509255583609
6726648,MASCULINO,MURILLO,LA PAZ,GUALBERTO VILLARROEL,FISCAL,38,32,44,0,1,0,0,0,1,0,0,0.3494200305439392
6727124,MASCULINO,MURILLO,LA PAZ,UEP SAL JOSE,FISCAL,39,32,44,0,1,0,0,0,1,0,0,0.4864164000567267
6727221,MASCULINO,MURILLO,LA PAZ,BOLIVIAN HIGH SCHOOL,PRIVADA,37,32,44,0,1,0,0,0,0,0,1,0.21242366103115168
6727472,MASCULINO,MURILLO,LA PAZ,ACHACHICALA,FISCAL,36,32,44,0,1,0,0,0,1,0,0,0.07542729151836416
6728224,MASCULINO,MURILLO,LA PAZ,SAN SIMON DE AYACUCHO,FISCAL,33,32,44,0,1,0,0,0,1,0,0,-0.3355618170199984
6728379,MASCULINO,MURILLO,LA PAZ,AVE MARIA,PRIVADA,40,32,44,0,1,0,0,0,0,0,1,0.6234127695695142
6728390,MASCULINO,MURILLO,LA PAZ,ELIZARDO PEREZ,FISCAL,38,32,44,0,1,0,0,0,1,0,0,0.3494200305439392
6728458,FEMENINO,MURILLO,LA PAZ,HNO PACIFICO FELETTI,CONVENIO,37,32,44,1,0,0,0,1,0,0,0,0.21242366103115168
6728494,MASCULINO,MURILLO,LA PAZ,AMOR DE DIOS,PRIVADA,32,32,44,0,1,0,0,0,0,0,1,-0.4725581865327859
6728517,NO RESPONDE,MURILLO,LA PAZ,ANTONIO DIAZ VILLAMIL,FISCAL,38,32,44,0,0,1,0,0,1,0,0,0.3494200305439392
6728613,MASCULINO,MURILLO,LA PAZ,SANTISIMA TRINIDAD,PRIVADA,34,32,44,0,1,0,0,0,0,0,1,-0.19856544750721086
6729078,MASCULINO,INQUISIVI,COLQUIRI,UNIDAD EDUCATIVA,CONVENIO,36,23,24,0,1,0,0,1,0,0,0,0.07542729151836416
6729184,FEMENINO,MURILLO,EL ALTO,BICENTENARIO SIMON BOLIVAR,FISCAL,39,32,32,1,0,0,0,0,1,0,0,0.4864164000567267
6729357,MASCULINO,MURILLO,LA PAZ,DON BOSCO,FISCAL,32,32,44,0,1,0,0,0,1,0,0,-0.4725581865327859
6729701,MASCULINO,MURILLO,LA PAZ,ESCUELA INDUSTRIAL SUPERIOR PEDRO DOMINGO MURILLO,FISCAL,36,32,44,0,1,0,0,0,1,0,0,0.07542729151836416
6729721,MASCULINO,MURILLO,EL ALTO,NAZARENO BASIL MILLER,PRIVADA,33,32,32,0,1,0,0,0,0,0,1,-0.3355618170199984
6729946,FEMENINO,OTRO,LA PAZ,HOLANDES,FISCAL,38,38,44,1,0,0,0,0,1,0,0,0.3494200305439392
6730301,MASCULINO,MURILLO,LA PAZ,"HUGO DAVILA ""B""",FISCAL,33,32,44,0,1,0,0,0,1,0,0,-0.3355618170199984
6730419,MASCULINO,MURILLO,LA PAZ,INSTITUTO AMERICANO,CONVENIO,31,32,44,0,1,0,0,1,0,0,0,-0.6095545560455734
6730470,MASCULINO,MURILLO,LA PAZ,UNIDAD EDUCATIVA DOMINGO SAVIO,PRIVADA,34,32,44,0,1,0,0,0,0,0,1,-0.19856544750721086
6730602,FEMENINO,MURILLO,LA PAZ,LICEO LA PAZ,FISCAL,37,32,44,1,0,0,0,0,1,0,0,0.21242366103115168
6730617,MASCULINO,MURILLO,LA PAZ,SAN LUIS,FISCAL,37,32,44,0,1,0,0,0,1,0,0,0.21242366103115168
6730700,FEMENINO,MURILLO,LA PAZ,HEROES DEL PACIFICO,FISCAL,34,32,44,1,0,0,0,0,1,0,0,-0.19856544750721086
6730815,MASCULINO,MURILLO,LA PAZ,MARIA IMACULADA,PRIVADA,30,32,44,0,1,0,0,0,0,0,1,-0.7465509255583609
6730942,MASCULINO,MURILLO,LA PAZ,PUERTO DE MEJILLONES,FISCAL,39,32,44,0,1,0,0,0,1,0,0,0.4864164000567267
6731088,MASCULINO,MURILLO,LA PAZ,SAGRADOS CORAZONES,CEMA,43,32,44,0,1,0,1,0,0,0,0,1.0344018781078768
6731492,MASCULINO,MODESTO OMISTE,VILLAZON,AVE MARIA,PRIVADA,32,30,81,0,1,0,0,0,0,0,1,-0.4725581865327859
6731520,FEMENINO,MURILLO,EL ALTO,GERMAN BUSCH,PRIVADA,38,32,32,1,0,0,0,0,0,0,1,0.3494200305439392
6731660,MASCULINO,MURILLO,EL ALTO,PRINCIPE DE LUZ,PRIVADA,30,32,32,0,1,0,0,0,0,0,1,-0.7465509255583609
6731708,MASCULINO,MURILLO,LA PAZ,COL. EXPERIMENTAL HUGO DAAVILA,FISCAL,35,32,44,0,1,0,0,0,1,0,0,-0.06156907799442335
6731860,MASCULINO,MURILLO,LA PAZ,U.E.E HERNANDO SILES,FISCAL,35,32,44,0,1,0,0,0,1,0,0,-0.06156907799442335
6732068,NO RESPONDE,MURILLO,LA PAZ,SAN CALIXTO,FISCAL,52,32,44,0,0,1,0,0,1,0,0,2.2673692037229642
6732113,FEMENINO,MURILLO,LA PAZ,24 DE JUNIO,FISCAL,38,32,44,1,0,0,0,0,1,0,0,0.3494200305439392
6732725,MASCULINO,MURILLO,LA PAZ,REPUBLICA DE COLOMBIA,FISCAL,39,32,44,0,1,0,0,0,1,0,0,0.4864164000567267
6732899,MASCULINO,NOR YUNGAS,CORIPATA,FRANZ TAMAYO,FISCAL,28,34,27,0,1,0,0,0,1,0,0,-1.0205436645839359
6733048,MASCULINO,MURILLO,LA PAZ,SIMON BOLIVAR,FISCAL,39,32,44,0,1,0,0,0,1,0,0,0.4864164000567267
6733106,MASCULINO,SUD YUNGAS,IRUPANA,SAN JAVIER,FISCAL,39,47,39,0,1,0,0,0,1,0,0,0.4864164000567267
6733281,MASCULINO,MURILLO,LA PAZ,EXP. HUGO DAVILA,FISCAL,32,32,44,0,1,0,0,0,1,0,0,-0.4725581865327859
6733552,MASCULINO,MURILLO,LA PAZ,BOLIVIANO NORUEGO,PRIVADA,39,32,44,0,1,0,0,0,0,0,1,0.4864164000567267
6733602,MASCULINO,MURILLO,LA PAZ,SAN CALIXTO,FISCAL,41,32,44,0,1,0,0,0,1,0,0,0.7604091390823018
6733722,MASCULINO,MURILLO,EL ALTO,C.E.A. JUAN LECHIN OQUENDO,FISCAL,39,32,32,0,1,0,0,0,1,0,0,0.4864164000567267
6733767,FEMENINO,MURILLO,LA PAZ,SAN CALIXTO,FISCAL,35,32,44,1,0,0,0,0,1,0,0,-0.06156907799442335
6734043,FEMENINO,MURILLO,LA PAZ,SANTA TERESA,PRIVADA,32,32,44,1,0,0,0,0,0,0,1,-0.4725581865327859
6734139,NO RESPONDE,MURILLO,EL ALTO,CORAZON DE MARIA,PRIVADA,39,32,32,0,0,1,0,0,0,0,1,0.4864164000567267
6734237,MASCULINO,MURILLO,EL ALTO,SANTA MARIA DE LOS ANGELES,FISCAL,40,32,32,0,1,0,0,0,1,0,0,0.6234127695695142
6735022,MASCULINO,MURILLO,LA PAZ,DON BOSCO,PRIVADA,28,32,44,0,1,0,0,0,0,0,1,-1.0205436645839359
6735461,FEMENINO,MURILLO,LA PAZ,SAN CALIXTO,FISCAL,34,32,44,1,0,0,0,0,1,0,0,-0.19856544750721086
6735664,MASCULINO,AVAROA,CHALLAPATA,IGNACIO CALDERON,FISCAL,38,7,18,0,1,0,0,0,1,0,0,0.3494200305439392
6735835,MASCULINO,MURILLO,LA PAZ,SAN CALIXTO,FISCAL,40,32,44,0,1,0,0,0,1,0,0,0.6234127695695142
6735920,MASCULINO,MURILLO,LA PAZ,PARTICULAR BOLIVIA 1,PRIVADA,35,32,44,0,1,0,0,0,0,0,1,-0.06156907799442335
6736082,MASCULINO,MUNECAS,LA PAZ,UNIDAD EDUCATIVA,FISCAL,36,31,44,0,1,0,0,0,1,0,0,0.07542729151836416
6736160,MASCULINO,MURILLO,LA PAZ,SAINT PAUL,PRIVADA,31,32,44,0,1,0,0,0,0,0,1,-0.6095545560455734
6736577,FEMENINO,MURILLO,LA PAZ,SAN CALIXTO,FISCAL,35,32,44,1,0,0,0,0,1,0,0,-0.06156907799442335
6737352,MASCULINO,MURILLO,LA PAZ,E.I.S. PEDRO DOMINGO MURILLO,FISCAL,33,32,44,0,1,0,0,0,1,0,0,-0.3355618170199984
6737363,MASCULINO,MURILLO,LA PAZ,MAYOR DE SAN GENARO,PRIVADA,36,32,44,0,1,0,0,0,0,0,1,0.07542729151836416
6738442,MASCULINO,MURILLO,LA PAZ,COLEGIO 20 DE OCTUBRE,FISCAL,38,32,44,0,1,0,0,0,1,0,0,0.3494200305439392
6738451,MASCULINO,MURILLO,EL ALTO,CALAMA,FISCAL,42,32,32,0,1,0,0,0,1,0,0,0.8974055085950893
6738537,MASCULINO,MURILLO,LA PAZ,SAN ANTONIO DE PADUA,PRIVADA,32,32,44,0,1,0,0,0,0,0,1,-0.4725581865327859
6738817,MASCULINO,MURILLO,LA PAZ,SAN CALIXTO,FISCAL,16,32,44,0,1,0,0,0,1,0,0,-2.664500098737386
6738890,MASCULINO,MURILLO,LA PAZ,ADVENTISTA MIRAFLORES,PRIVADA,32,32,44,0,1,0,0,0,0,0,1,-0.4725581865327859
6739456,MASCULINO,MURILLO,LA PAZ,AMERICAN SCHOOL,PRIVADA,36,32,44,0,1,0,0,0,0,0,1,0.07542729151836416
6739623,FEMENINO,MURILLO,LA PAZ,LICEO LA PAZ,FISCAL,34,32,44,1,0,0,0,0,1,0,0,-0.19856544750721086
6739672,MASCULINO,MURILLO,LA PAZ,COL. NACIONAL SIMON BOLIVAR,FISCAL,34,32,44,0,1,0,0,0,1,0,0,-0.19856544750721086
6739868,MASCULINO,MURILLO,LA PAZ,ANGELUS MARITAINE,PRIVADA,34,32,44,0,1,0,0,0,0,0,1,-0.19856544750721086
6739994,NO RESPONDE,MURILLO,LA PAZ,SAN CALIXTO,FISCAL,16,32,44,0,0,1,0,0,1,0,0,-2.664500098737386
6740061,MASCULINO,MURILLO,LA PAZ,CENTRO EDUCATIVO CRISTIANO SHALOM,PRIVADA,31,32,44,0,1,0,0,0,0,0,1,-0.6095545560455734
6740111,MASCULINO,MURILLO,LA PAZ,BOLIVIANO-ALEMAN ''AVE MARIA'',PRIVADA,28,32,44,0,1,0,0,0,0,0,1,-1.0205436645839359
6740188,MASCULINO,INGAVI,LA PAZ,"""JUAN PABLO II""",FISCAL,36,22,44,0,1,0,0,0,1,0,0,0.07542729151836416
6740652,MASCULINO,MURILLO,LA PAZ,AVE MARIA,PRIVADA,37,32,44,0,1,0,0,0,0,0,1,0.21242366103115168
6740693,MASCULINO,MURILLO,LA PAZ,COL.NAL. SIMON BOLIVAR,FISCAL,38,32,44,0,1,0,0,0,1,0,0,0.3494200305439392
6740786,FEMENINO,MURILLO,LA PAZ,HUGO DAVILA B,FISCAL,34,32,44,1,0,0,0,0,1,0,0,-0.19856544750721086
6740871,MASCULINO,MURILLO,LA PAZ,AIDA DEL PORTILLO DE MENDOZA,FISCAL,32,32,44,0,1,0,0,0,1,0,0,-0.4725581865327859
6741281,MASCULINO,MURILLO,LA PAZ,SAGRADOS CORAZONES,CONVENIO,36,32,44,0,1,0,0,1,0,0,0,0.07542729151836416
6741330,MASCULINO,MURILLO,LA PAZ,HUGO DAVILA,FISCAL,38,32,44,0,1,0,0,0,1,0,0,0.3494200305439392
6741380,MASCULINO,OTRO,COCHABAMBA,"SANTA MARIA ""CENAFI""",PRIVADA,31,38,23,0,1,0,0,0,0,0,1,-0.6095545560455734
6741945,FEMENINO,MURILLO,EL ALTO,ADRIAN CASTILLO NAVA,FISCAL,37,32,32,1,0,0,0,0,1,0,0,0.21242366103115168
6742135,MASCULINO,MURILLO,LA PAZ,NUESTRA SENORA DE ITATI,PRIVADA,32,32,44,0,1,0,0,0,0,0,1,-0.4725581865327859
6742182,MASCULINO,MURILLO,LA PAZ,SAN MATIAS,PRIVADA,40,32,44,0,1,0,0,0,0,0,1,0.6234127695695142
6742756,NO RESPONDE,MURILLO,LA PAZ,SAN CALIXTO,FISCAL,52,32,44,0,0,1,0,0,1,0,0,2.2673692037229642
6742824,MASCULINO,MURILLO,LA PAZ,SAN CALIXTO,FISCAL,16,32,44,0,1,0,0,0,1,0,0,-2.664500098737386
6743414,MASCULINO,MURILLO,LA PAZ,"U. E. ""SAN MATIAS""",PRIVADA,38,32,44,0,1,0,0,0,0,0,1,0.3494200305439392
6743685,MASCULINO,MURILLO,LA PAZ,GUATEMALA,CEMA,43,32,44,0,1,0,1,0,0,0,0,1.0344018781078768
6744162,MASCULINO,MURILLO,LA PAZ,SAN ANTONIO DE PADUA,PRIVADA,31,32,44,0,1,0,0,0,0,0,1,-0.6095545560455734
6744277,MASCULINO,MURILLO,LA PAZ,UNIDAD EDUCATIVA MIXTO COPACABANA,FISCAL,34,32,44,0,1,0,0,0,1,0,0,-0.19856544750721086
6744729,FEMENINO,MURILLO,LA PAZ,VIDA NUEVA,CONVENIO,33,32,44,1,0,0,0,1,0,0,0,-0.3355618170199984
6744856,MASCULINO,MURILLO,LA PAZ,DON BOSCO,PRIVADA,35,32,44,0,1,0,0,0,0,0,1,-0.06156907799442335
6745433,FEMENINO,MURILLO,LA PAZ,SAN CALIXTO,FISCAL,39,32,44,1,0,0,0,0,1,0,0,0.4864164000567267
6745784,MASCULINO,MURILLO,LA PAZ,SAN CALIXTO,FISCAL,16,32,44,0,1,0,0,0,1,0,0,-2.664500098737386
6746643,MASCULINO,MURILLO,LA PAZ,LOS ANDES,PRIVADA,33,32,44,0,1,0,0,0,0,0,1,-0.3355618170199984
6746924,FEMENINO,MURILLO,EL ALTO,LUIS ESPINAL CAMPS,FISCAL,40,32,32,1,0,0,0,0,1,0,0,0.6234127695695142
6747631,FEMENINO,MURILLO,LA PAZ,SANTA ANA,PRIVADA,33,32,44,1,0,0,0,0,0,0,1,-0.3355618170199984
6748319,FEMENINO,MURILLO,LA PAZ,INSTITUTO AMERICANO,FISCAL,33,32,44,1,0,0,0,0,1,0,0,-0.3355618170199984
6748951,MASCULINO,MURILLO,LA PAZ,SAN CALIXTO,FISCAL,16,32,44,0,1,0,0,0,1,0,0,-2.664500098737386
6749449,MASCULINO,MURILLO,LA PAZ,U.E.HERNANDO SILES REYES,FISCAL,37,32,44,0,1,0,0,0,1,0,0,0.21242366103115168
6749582,MASCULINO,MURILLO,LA PAZ,SAN CALIXTO,FISCAL,37,32,44,0,1,0,0,0,1,0,0,0.21242366103115168
6749747,MASCULINO,GUALBERTO VILLARROEL,LA PAZ,DANIEL GOMEZ GARCIA,PRIVADA,39,21,44,0,1,0,0,0,0,0,1,0.4864164000567267
6749850,FEMENINO,MURILLO,LA PAZ,LOS PINOS,PRIVADA,33,32,44,1,0,0,0,0,0,0,1,-0.3355618170199984
6750073,FEMENINO,INGAVI,LAQUINAMAYA,SAN SIMON DE AYACUCHO,FISCAL,38,22,45,1,0,0,0,0,1,0,0,0.3494200305439392
6750101,MASCULINO,MURILLO,EL ALTO,UEFAB,PRIVADA,29,32,32,0,1,0,0,0,0,0,1,-0.8835472950711485
6750210,MASCULINO,MURILLO,LA PAZ,SAN ANTONIO DE PADUA,PRIVADA,30,32,44,0,1,0,0,0,0,0,1,-0.7465509255583609
6750226,FEMENINO,TUPIZA- SUD CHICHAS,POTOSI,MIXTO,FISCAL,36,50,54,1,0,0,0,0,1,0,0,0.07542729151836416
6750352,MASCULINO,MURILLO,LA PAZ,GUALBERTO VILLARROEL,FISCAL,31,32,44,0,1,0,0,0,1,0,0,-0.6095545560455734
6750361,MASCULINO,MURILLO,LA PAZ,C.E.P.A.L,PRIVADA,35,32,44,0,1,0,0,0,0,0,1,-0.06156907799442335
6750413,FEMENINO,MURILLO,LA PAZ,NAZARENO BASIL MILLER,PRIVADA,37,32,44,1,0,0,0,0,0,0,1,0.21242366103115168
6750582,MASCULINO,MURILLO,OTRO,FGG,FISCAL,40,32,51,0,1,0,0,0,1,0,0,0.6234127695695142
6750648,MASCULINO,MURILLO,LA PAZ,SAN CALIXTO,FISCAL,38,32,44,0,1,0,0,0,1,0,0,0.3494200305439392
6750792,FEMENINO,MURILLO,LA PAZ,AMERINST,PRIVADA,28,32,44,1,0,0,0,0,0,0,1,-1.0205436645839359
6750943,MASCULINO,MURILLO,LA PAZ,U.E.P LA PAZ,PRIVADA,33,32,44,0,1,0,0,0,0,0,1,-0.3355618170199984
6751016,MASCULINO,MURILLO,LA PAZ,SAN CALIXTO,FISCAL,52,32,44,0,1,0,0,0,1,0,0,2.2673692037229642
6751048,MASCULINO,MURILLO,LA PAZ,SAN CALIXTO,FISCAL,35,32,44,0,1,0,0,0,1,0,0,-0.06156907799442335
6751064,FEMENINO,MURILLO,LA PAZ,COLEGIO SAN FRANCISCO DE LA T.O,PRIVADA,32,32,44,1,0,0,0,0,0,0,1,-0.4725581865327859
6751131,MASCULINO,MURILLO,LA PAZ,REPUBLICA DE FRANCIA,FISCAL,33,32,44,0,1,0,0,0,1,0,0,-0.3355618170199984
6751202,MASCULINO,MURILLO,LA PAZ,SAN CALIXTO,FISCAL,52,32,44,0,1,0,0,0,1,0,0,2.2673692037229642
6752112,MASCULINO,MURILLO,EL ALTO,2 DE AGOSTO,FISCAL,30,32,32,0,1,0,0,0,1,0,0,-0.7465509255583609
6752382,FEMENINO,MURILLO,LA PAZ,BOLIVIA IV,FISCAL,34,32,44,1,0,0,0,0,1,0,0,-0.19856544750721086
6752408,NO RESPONDE,MURILLO,LA PAZ,RAFAEL PABON,FISCAL,35,32,44,0,0,1,0,0,1,0,0,-0.06156907799442335
6752560,MASCULINO,MURILLO,LA PAZ,JESUS OBRERO,CONVENIO,32,32,44,0,1,0,0,1,0,0,0,-0.4725581865327859
6752738,MASCULINO,MURILLO,LA PAZ,DON BOSCO PAMPAHASI,CONVENIO,39,32,44,0,1,0,0,1,0,0,0,0.4864164000567267
6752785,FEMENINO,LARECAJA,GUANAY,PABLO SEXTO,CONVENIO,35,26,34,1,0,0,0,1,0,0,0,-0.06156907799442335
6752820,MASCULINO,MURILLO,LA PAZ,UNIDAD EDUCATIVA ADVENTISTA,PRIVADA,36,32,44,0,1,0,0,0,0,0,1,0.07542729151836416
6752853,MASCULINO,MURILLO,LA PAZ,ESTEBAN BERTOLUSSO,PRIVADA,37,32,44,0,1,0,0,0,0,0,1,0.21242366103115168
6753003,FEMENINO,MURILLO,LA PAZ,LICEO BOLIVIA,FISCAL,39,32,44,1,0,0,0,0,1,0,0,0.4864164000567267
6753065,MASCULINO,MURILLO,LA PAZ,SAN CALIXTO,FISCAL,32,32,44,0,1,0,0,0,1,0,0,-0.4725581865327859
6753149,MASCULINO,CARANAVI,OTRO,TECNICO JOSE BALLIVIAN,FISCAL,37,11,51,0,1,0,0,0,1,0,0,0.21242366103115168
6753281,MASCULINO,MURILLO,LA PAZ,SAN PEDRO POVEDA,CONVENIO,36,32,44,0,1,0,0,1,0,0,0,0.07542729151836416
6753301,MASCULINO,MURILLO,LA PAZ,SANA MATIAS,PRIVADA,29,32,44,0,1,0,0,0,0,0,1,-0.8835472950711485
6753316,FEMENINO,MURILLO,LA PAZ,LUIS ERNST,CONVENIO,34,32,44,1,0,0,0,1,0,0,0,-0.19856544750721086
6753317,MASCULINO,MURILLO,LA PAZ,SAN CALIXTO,FISCAL,16,32,44,0,1,0,0,0,1,0,0,-2.664500098737386
6753363,MASCULINO,MURILLO,LA PAZ,ADVENTIS MIRAFLORES,PRIVADA,34,32,44,0,1,0,0,0,0,0,1,-0.19856544750721086
6753559,MASCULINO,LARECAJA,GUANAY,ABEL ITURRALDE,FISCAL,41,26,34,0,1,0,0,0,1,0,0,0.7604091390823018
6753561,FEMENINO,MURILLO,LA PAZ,MARISCAL JOSE BALLIVIAN,CEMA,40,32,44,1,0,0,1,0,0,0,0,0.6234127695695142
6753906,MASCULINO,MURILLO,LA PAZ,GUALBERTO VILLARROEL,FISCAL,37,32,44,0,1,0,0,0,1,0,0,0.21242366103115168
6753938,MASCULINO,MURILLO,LA PAZ,NACIONAL SIMON BOLIVAR,FISCAL,40,32,44,0,1,0,0,0,1,0,0,0.6234127695695142
6754035,FEMENINO,OMASUYOS,AJLLATA GRANDE,PEDRO DOMINGO MURILLO,PRIVADA,37,35,3,1,0,0,0,0,0,0,1,0.21242366103115168
6754100,FEMENINO,MURILLO,EL ALTO,PABLO VI,CONVENIO,30,32,32,1,0,0,0,1,0,0,0,-0.7465509255583609
6754486,FEMENINO,MURILLO,LA PAZ,INSTITUTO AMERICANO,PRIVADA,34,32,44,1,0,0,0,0,0,0,1,-0.19856544750721086
6754976,FEMENINO,MURILLO,LA PAZ,SIMON RODRIGUEZ CARRENO,FISCAL,32,32,44,1,0,0,0,0,1,0,0,-0.4725581865327859
6754994,FEMENINO,MURILLO,LA PAZ,SAN CALIXTO,PRIVADA,38,32,44,1,0,0,0,0,0,0,1,0.3494200305439392
6756815,MASCULINO,MURILLO,LA PAZ,LA PAZ DON BOSCO,OTRO,36,32,44,0,1,0,0,0,0,1,0,0.07542729151836416
6757536,MASCULINO,MURILLO,LA PAZ,DON BOSCO,PRIVADA,32,32,44,0,1,0,0,0,0,0,1,-0.4725581865327859
6757798,MASCULINO,MURILLO,LA PAZ,DOMINGO SAVIO,PRIVADA,34,32,44,0,1,0,0,0,0,0,1,-0.19856544750721086
6758344,MASCULINO,MURILLO,LA PAZ,SAN FRANCISCO,PRIVADA,32,32,44,0,1,0,0,0,0,0,1,-0.4725581865327859
6758356,MASCULINO,MURILLO,LA PAZ,AVE MARAAA,PRIVADA,38,32,44,0,1,0,0,0,0,0,1,0.3494200305439392
6758399,MASCULINO,INGAVI,CANTON: GUAQUI,GERMAN BUSCH B,FISCAL,34,22,14,0,1,0,0,0,1,0,0,-0.19856544750721086
6758536,MASCULINO,MURILLO,LA PAZ,INSTITUTO AMERICANO,CONVENIO,34,32,44,0,1,0,0,1,0,0,0,-0.19856544750721086
6759477,MASCULINO,MURILLO,LA PAZ,MARIEN GARTEN,CONVENIO,39,32,44,0,1,0,0,1,0,0,0,0.4864164000567267
6760171,MASCULINO,MURILLO,LA PAZ,REPUBLICA URUGUAY,FISCAL,37,32,44,0,1,0,0,0,1,0,0,0.21242366103115168
6760383,MASCULINO,MURILLO,ESCOMA,U. E. ILLIMANI,FISCAL,39,32,33,0,1,0,0,0,1,0,0,0.4864164000567267
6760502,MASCULINO,MURILLO,LA PAZ,SAN CALIXTO,FISCAL,52,32,44,0,1,0,0,0,1,0,0,2.2673692037229642
6760577,MASCULINO,MURILLO,LA PAZ,CEA JULIAN APAZA,FISCAL,32,32,44,0,1,0,0,0,1,0,0,-0.4725581865327859
6760629,FEMENINO,MURILLO,EL ALTO,NACIONAL 12 DE OCTUBRE,FISCAL,34,32,32,1,0,0,0,0,1,0,0,-0.19856544750721086
6760636,MASCULINO,MURILLO,LA PAZ,P. DALENCE,FISCAL,39,32,44,0,1,0,0,0,1,0,0,0.4864164000567267
6761158,FEMENINO,MURILLO,LA PAZ,GERMAN BUSCH,FISCAL,34,32,44,1,0,0,0,0,1,0,0,-0.19856544750721086
6761302,MASCULINO,MURILLO,LA PAZ,SAGRADOS CORAZONES,PRIVADA,29,32,44,0,1,0,0,0,0,0,1,-0.8835472950711485
6761565,MASCULINO,MURILLO,LA PAZ,MAX VALDIVIA,CONVENIO,37,32,44,0,1,0,0,1,0,0,0,0.21242366103115168
6762026,MASCULINO,MUNECAS,LA PAZ,"SOCOCONI ""B""",FISCAL,36,31,44,0,1,0,0,0,1,0,0,0.07542729151836416
6762591,MASCULINO,BALLIVIAN,RRURENABAQUE,CIE 12 DE OCTUBRE,FISCAL,37,8,63,0,1,0,0,0,1,0,0,0.21242366103115168
6762845,MASCULINO,MURILLO,LA PAZ,UNIDAD EDUCATIVA REPUBLICA DE COLOMBIA,FISCAL,36,32,44,0,1,0,0,0,1,0,0,0.07542729151836416
6762949,MASCULINO,MURILLO,LA PAZ,"UNIDAD EDUCATIVA ""MALLASA""",FISCAL,40,32,44,0,1,0,0,0,1,0,0,0.6234127695695142
6762957,MASCULINO,MURILLO,LA PAZ,SAN ANTONIO,PRIVADA,38,32,44,0,1,0,0,0,0,0,1,0.3494200305439392
6763315,FEMENINO,MURILLO,LA PAZ,NACIONAL MIXTO SAN JUAN,FISCAL,36,32,44,1,0,0,0,0,1,0,0,0.07542729151836416
6763553,FEMENINO,MURILLO,LA PAZ,SAN JOSE,PRIVADA,28,32,44,1,0,0,0,0,0,0,1,-1.0205436645839359
6764147,FEMENINO,MURILLO,LA PAZ,INSTITUTO AMERICANO OBRAJES,PRIVADA,33,32,44,1,0,0,0,0,0,0,1,-0.3355618170199984
6764480,MASCULINO,MURILLO,LA PAZ,STRA. SRA. DE LA PAZ II,FISCAL,38,32,44,0,1,0,0,0,1,0,0,0.3494200305439392
6764489,FEMENINO,MURILLO,LA PAZ,SAN ANTONIO DE PADUA,PRIVADA,29,32,44,1,0,0,0,0,0,0,1,-0.8835472950711485
6764745,MASCULINO,MURILLO,LA PAZ,SAN LUIS FE Y ALEGRIA,FISCAL,35,32,44,0,1,0,0,0,1,0,0,-0.06156907799442335
6765000,MASCULINO,MURILLO,LA PAZ,U.E. P. LA PAZ,PRIVADA,39,32,44,0,1,0,0,0,0,0,1,0.4864164000567267
6765461,MASCULINO,MURILLO,LA PAZ,ROBERTO ALVARADO DAZA,FISCAL,38,32,44,0,1,0,0,0,1,0,0,0.3494200305439392
6765516,MASCULINO,MURILLO,LA PAZ,ELISA DE BALLIVIAN,CONVENIO,38,32,44,0,1,0,0,1,0,0,0,0.3494200305439392
6765575,MASCULINO,MURILLO,LA PAZ,GERMAN BUSCH,FISCAL,38,32,44,0,1,0,0,0,1,0,0,0.3494200305439392
6765597,MASCULINO,MURILLO,LA PAZ,UNIDAD EDUCATIVA LUIS ALBERTO PABON,FISCAL,37,32,44,0,1,0,0,0,1,0,0,0.21242366103115168
6765693,MASCULINO,DESCONOCIDO,DESCONOCIDO,INSTITUTO AMERICANO,PRIVADA,38,16,31,0,1,0,0,0,0,0,1,0.3494200305439392
6765716,NO RESPONDE,MURILLO,LA PAZ,GUALBERTO VILLARROEL,FISCAL,39,32,44,0,0,1,0,0,1,0,0,0.4864164000567267
6765722,MASCULINO,MURILLO,LA PAZ,GUALBERTO VILLARROEL,FISCAL,38,32,44,0,1,0,0,0,1,0,0,0.3494200305439392
6765728,MASCULINO,PACAJES,COMANCHE,JUAN CAPRILES,FISCAL,41,39,25,0,1,0,0,0,1,0,0,0.7604091390823018
6765882,MASCULINO,MURILLO,LA PAZ,IGNACIO CALDERON,FISCAL,39,32,44,0,1,0,0,0,1,0,0,0.4864164000567267
6765925,MASCULINO,MURILLO,LA PAZ,SAN CALIXTO,FISCAL,32,32,44,0,1,0,0,0,1,0,0,-0.4725581865327859
6765926,MASCULINO,LARECAJA,TACACOMA,COLEGIO SERGIO ALMARAZ,CONVENIO,37,26,72,0,1,0,0,1,0,0,0,0.21242366103115168
6765978,MASCULINO,MURILLO,LA PAZ,SAN CALIXTO,FISCAL,39,32,44,0,1,0,0,0,1,0,0,0.4864164000567267
6766838,MASCULINO,MURILLO,LA PAZ,REPUBLICA DE FRANCIA,FISCAL,31,32,44,0,1,0,0,0,1,0,0,-0.6095545560455734
6766859,MASCULINO,MURILLO,LA PAZ,18 DE MAYO,FISCAL,38,32,44,0,1,0,0,0,1,0,0,0.3494200305439392
6766936,MASCULINO,MURILLO,LA PAZ,FRAY BERNARDINO DE CARDENAS,PRIVADA,38,32,44,0,1,0,0,0,0,0,1,0.3494200305439392
6767389,FEMENINO,OMASUYOS,LA PAZ,SAN ANTONIO DE PADUA,FISCAL,38,35,44,1,0,0,0,0,1,0,0,0.3494200305439392
6767621,MASCULINO,MURILLO,LA PAZ,SERGIO ALMARAZ,FISCAL,38,32,44,0,1,0,0,0,1,0,0,0.3494200305439392
6767624,MASCULINO,MURILLO,EL ALTO,ADOLFO KOLPING,PRIVADA,37,32,32,0,1,0,0,0,0,0,1,0.21242366103115168
6767805,NO RESPONDE,MURILLO,LA PAZ,SAN CALIXTO,FISCAL,34,32,44,0,0,1,0,0,1,0,0,-0.19856544750721086
6767949,MASCULINO,MURILLO,LA PAZ,IGNACIO CALDERON,FISCAL,38,32,44,0,1,0,0,0,1,0,0,0.3494200305439392
6768089,MASCULINO,MURILLO,LA PAZ,LUIS ESPINAL CAMPS,FISCAL,39,32,44,0,1,0,0,0,1,0,0,0.4864164000567267
6768243,NO RESPONDE,MURILLO,LA PAZ,SAN CALIXTO,FISCAL,16,32,44,0,0,1,0,0,1,0,0,-2.664500098737386
6768357,MASCULINO,MURILLO,LA PAZ,MARIEN GARTEN,CONVENIO,33,32,44,0,1,0,0,1,0,0,0,-0.3355618170199984
6768825,MASCULINO,MURILLO,EL ALTO,SAN AGUSTIN,PRIVADA,38,32,32,0,1,0,0,0,0,0,1,0.3494200305439392
6769227,MASCULINO,MURILLO,LA PAZ,AVE MARIA,PRIVADA,34,32,44,0,1,0,0,0,0,0,1,-0.19856544750721086
6769856,FEMENINO,MURILLO,LA PAZ,INSTITUTO AMERICANO,PRIVADA,34,32,44,1,0,0,0,0,0,0,1,-0.19856544750721086
6769890,MASCULINO,OMASUYOS,ACHACAQUI,AMASUYOS,FISCAL,39,35,1,0,1,0,0,0,1,0,0,0.4864164000567267
6769902,MASCULINO,MURILLO,LA PAZ,ARMANDO ESCOBAR URIA,FISCAL,39,32,44,0,1,0,0,0,1,0,0,0.4864164000567267
6770063,MASCULINO,MURILLO,LA PAZ,CRISTIANO VIDA NUEVA,CONVENIO,31,32,44,0,1,0,0,1,0,0,0,-0.6095545560455734
6770243,MASCULINO,MURILLO,LA PAZ,SAN CALIXTO,FISCAL,35,32,44,0,1,0,0,0,1,0,0,-0.06156907799442335
6770304,MASCULINO,MURILLO,LA PAZ,INSTITUTO BAUTISTA CANADIENSE,PRIVADA,30,32,44,0,1,0,0,0,0,0,1,-0.7465509255583609
6770488,MASCULINO,MURILLO,LA PAZ,EDUARDO ABAROA III,FISCAL,38,32,44,0,1,0,0,0,1,0,0,0.3494200305439392
6770791,MASCULINO,MURILLO,EL ALTO,UNIDAD EDUCATIVA BRASIL,FISCAL,39,32,32,0,1,0,0,0,1,0,0,0.4864164000567267
6771916,MASCULINO,MURILLO,LA PAZ,FELIPE SEGUNDO GUZMAN,FISCAL,35,32,44,0,1,0,0,0,1,0,0,-0.06156907799442335
6772324,MASCULINO,MURILLO,LA PAZ,SIMON BOLIVAR,FISCAL,33,32,44,0,1,0,0,0,1,0,0,-0.3355618170199984
6772647,MASCULINO,MURILLO,LA PAZ,SERGIO ALMARAZ,FISCAL,38,32,44,0,1,0,0,0,1,0,0,0.3494200305439392
6772679,MASCULINO,OMASUYOS,CHOCOCOPA GRANDE,EUFRACIO IBANEZ,FISCAL,38,35,20,0,1,0,0,0,1,0,0,0.3494200305439392
6773060,FEMENINO,MURILLO,OTRO,SAN CALIXTO,PRIVADA,16,32,51,1,0,0,0,0,0,0,1,-2.664500098737386
6773250,FEMENINO,MURILLO,LA PAZ,INSTITUTO AMERICANO,PRIVADA,34,32,44,1,0,0,0,0,0,0,1,-0.19856544750721086
6773874,FEMENINO,MURILLO,EL ALTO,MERCEDES VELZU DE DORADO,FISCAL,38,32,32,1,0,0,0,0,1,0,0,0.3494200305439392
6774595,MASCULINO,MURILLO,LA PAZ,SAN CALIXTO,FISCAL,40,32,44,0,1,0,0,0,1,0,0,0.6234127695695142
6774612,FEMENINO,MURILLO,LA PAZ,INSTITUTO AMERICANO,PRIVADA,30,32,44,1,0,0,0,0,0,0,1,-0.7465509255583609
6774918,MASCULINO,MURILLO,LA PAZ,INSTITUTO AMERICANO,PRIVADA,31,32,44,0,1,0,0,0,0,0,1,-0.6095545560455734
6775042,MASCULINO,MURILLO,LA PAZ,AVE MARIA,PRIVADA,30,32,44,0,1,0,0,0,0,0,1,-0.7465509255583609
6775633,MASCULINO,MURILLO,LA PAZ,SAN CALIXTO,FISCAL,52,32,44,0,1,0,0,0,1,0,0,2.2673692037229642
6775644,FEMENINO,MURILLO,LA PAZ,FUERZA AAAREA BOLIVIANA,PRIVADA,35,32,44,1,0,0,0,0,0,0,1,-0.06156907799442335
6775717,FEMENINO,MURILLO,LA PAZ,SANTA ANA,PRIVADA,37,32,44,1,0,0,0,0,0,0,1,0.21242366103115168
6776207,FEMENINO,MURILLO,LA PAZ,BICENTENARIO LIBERTADORES DE SIMON BOLIVAR,FISCAL,38,32,44,1,0,0,0,0,1,0,0,0.3494200305439392
6776907,MASCULINO,MURILLO,LA PAZ,HUGO DAAVILA,FISCAL,35,32,44,0,1,0,0,0,1,0,0,-0.06156907799442335
6777108,MASCULINO,MURILLO,LA PAZ,DON BOSCO PAMPAHASI,CONVENIO,31,32,44,0,1,0,0,1,0,0,0,-0.6095545560455734
6777213,MASCULINO,MURILLO,LA PAZ,DON BOSCO,PRIVADA,32,32,44,0,1,0,0,0,0,0,1,-0.4725581865327859
6777323,MASCULINO,MURILLO,LA PAZ,SANTA ANA,PRIVADA,30,32,44,0,1,0,0,0,0,0,1,-0.7465509255583609
6777556,MASCULINO,AVAROA,ORURO,ANTONIO DIAZ VILLAMIL,FISCAL,29,7,50,0,1,0,0,0,1,0,0,-0.8835472950711485
6777644,MASCULINO,MURILLO,EL ALTO,U.E. FAB,PRIVADA,31,32,32,0,1,0,0,0,0,0,1,-0.6095545560455734
6777980,MASCULINO,MURILLO,LA PAZ,UNIDAD EDUCATIVA FUERZA AEREA BOLIVIANA,PRIVADA,31,32,44,0,1,0,0,0,0,0,1,-0.6095545560455734
6778017,MASCULINO,MURILLO,LA PAZ,SS.CC,PRIVADA,35,32,44,0,1,0,0,0,0,0,1,-0.06156907799442335
6778033,MASCULINO,MURILLO,LA PAZ,IES POLITECNIC,FISCAL,36,32,44,0,1,0,0,0,1,0,0,0.07542729151836416
6778383,FEMENINO,MURILLO,LA PAZ,ANGLO AMERICANO,PRIVADA,31,32,44,1,0,0,0,0,0,0,1,-0.6095545560455734
6778685,MASCULINO,MURILLO,LA PAZ,SAN FRANCISCO,PRIVADA,31,32,44,0,1,0,0,0,0,0,1,-0.6095545560455734
6778888,FEMENINO,MURILLO,LA PAZ,C.E.M.A. SAGRADOS CORAZONES,CONVENIO,34,32,44,1,0,0,0,1,0,0,0,-0.19856544750721086
6778970,MASCULINO,MURILLO,LA PAZ,HUGO DAVILA,FISCAL,28,32,44,0,1,0,0,0,1,0,0,-1.0205436645839359
6779245,MASCULINO,MURILLO,LA PAZ,SERGIO MAURICIO VILLEGAS,FISCAL,16,32,44,0,1,0,0,0,1,0,0,-2.664500098737386
6779303,MASCULINO,MURILLO,EL ALTO,TCNL. RAFAEL PABON CUEVAS,FISCAL,36,32,32,0,1,0,0,0,1,0,0,0.07542729151836416
6779486,MASCULINO,MURILLO,LA PAZ,FRAY BERNARDINO DE CARDENAS,PRIVADA,37,32,44,0,1,0,0,0,0,0,1,0.21242366103115168
6779516,MASCULINO,MURILLO,LA PAZ,SAN CALIXTO,PRIVADA,34,32,44,0,1,0,0,0,0,0,1,-0.19856544750721086
6779518,MASCULINO,MURILLO,EL ALTO,COL. NAL. MIX. ILLIMANI,FISCAL,37,32,32,0,1,0,0,0,1,0,0,0.21242366103115168
6780256,FEMENINO,MURILLO,LA PAZ,SAN CALIXTO,FISCAL,37,32,44,1,0,0,0,0,1,0,0,0.21242366103115168
6780277,MASCULINO,MURILLO,LA PAZ,NACIONAL GERMAN BUSCH,FISCAL,40,32,44,0,1,0,0,0,1,0,0,0.6234127695695142
6780466,MASCULINO,MURILLO,LA PAZ,GUALBERTO VILLARROEL,FISCAL,34,32,44,0,1,0,0,0,1,0,0,-0.19856544750721086
6780753,MASCULINO,MURILLO,LA PAZ,SAN CALIXTO,FISCAL,32,32,44,0,1,0,0,0,1,0,0,-0.4725581865327859
6780762,FEMENINO,MURILLO,LA PAZ,SAGRADO CORAZON DE JESUS,FISCAL,35,32,44,1,0,0,0,0,1,0,0,-0.06156907799442335
6781611,MASCULINO,MURILLO,LA PAZ,C.E.F.I.,PRIVADA,34,32,44,0,1,0,0,0,0,0,1,-0.19856544750721086
6781648,MASCULINO,MURILLO,LA PAZ,SAN CALIXTO,FISCAL,52,32,44,0,1,0,0,0,1,0,0,2.2673692037229642
6781839,FEMENINO,DANIEL CAMPOS,POTOSI,1O DE MAYO,FISCAL,41,15,54,1,0,0,0,0,1,0,0,0.7604091390823018
6782612,FEMENINO,MURILLO,LA PAZ,JOSE CARRASCO TORRICO,FISCAL,36,32,44,1,0,0,0,0,1,0,0,0.07542729151836416
6782654,MASCULINO,MURILLO,LA PAZ,COLEGIO,FISCAL,30,32,44,0,1,0,0,0,1,0,0,-0.7465509255583609
6782680,FEMENINO,MURILLO,LA PAZ,MARIA AUXILIADORA,PRIVADA,28,32,44,1,0,0,0,0,0,0,1,-1.0205436645839359
6782812,MASCULINO,MURILLO,EL ALTO,UNIDAD EDUCATIVA DE FUERZA AEREA BOLIVIANA,PRIVADA,35,32,32,0,1,0,0,0,0,0,1,-0.06156907799442335
6782844,MASCULINO,MURILLO,LA PAZ,E. LINDEMANN,FISCAL,37,32,44,0,1,0,0,0,1,0,0,0.21242366103115168
6782858,FEMENINO,MURILLO,LA PAZ,SAN CALIXTO,FISCAL,52,32,44,1,0,0,0,0,1,0,0,2.2673692037229642
6782901,MASCULINO,MURILLO,LA PAZ,MARIEN GARTEN,CONVENIO,36,32,44,0,1,0,0,1,0,0,0,0.07542729151836416
6782920,FEMENINO,MURILLO,EL ALTO,TECNICO HUMANISTICO REPUBLICA DE FRANCIA,FISCAL,36,32,32,1,0,0,0,0,1,0,0,0.07542729151836416
6782959,MASCULINO,MURILLO,LA PAZ,GREGORIO PACHECO,FISCAL,33,32,44,0,1,0,0,0,1,0,0,-0.3355618170199984
6783012,MASCULINO,MURILLO,EL ALTO,UNIDAD EDUCATIVA ADVENTISTA PACAJES,PRIVADA,35,32,32,0,1,0,0,0,0,0,1,-0.06156907799442335
6783064,MASCULINO,MURILLO,EL ALTO,LUIS ESPINAL CAMPS,FISCAL,32,32,32,0,1,0,0,0,1,0,0,-0.4725581865327859
6783150,MASCULINO,MURILLO,LA PAZ,AVE MARIA,PRIVADA,33,32,44,0,1,0,0,0,0,0,1,-0.3355618170199984
6783246,MASCULINO,MURILLO,LA PAZ,SAN ANTONIO DE PADUA,PRIVADA,31,32,44,0,1,0,0,0,0,0,1,-0.6095545560455734
6783948,MASCULINO,MURILLO,LA PAZ,SAN FRANCISCO,PRIVADA,30,32,44,0,1,0,0,0,0,0,1,-0.7465509255583609
6784206,MASCULINO,MURILLO,LA PAZ,GUALBERTO VILLARROEL,FISCAL,40,32,44,0,1,0,0,0,1,0,0,0.6234127695695142
6784352,MASCULINO,MURILLO,LA PAZ,AMERICAN SCHOOL,PRIVADA,35,32,44,0,1,0,0,0,0,0,1,-0.06156907799442335
6784374,MASCULINO,MURILLO,LA PAZ,U. E. BOLIVIA III,FISCAL,34,32,44,0,1,0,0,0,1,0,0,-0.19856544750721086
6784375,MASCULINO,MURILLO,LA PAZ,SAN CALIXTO,FISCAL,16,32,44,0,1,0,0,0,1,0,0,-2.664500098737386
6784517,MASCULINO,FRANZ TAMAYO,ANTAQUILLA,JUAN CARLOS FLORES BEDREGAL,FISCAL,35,17,5,0,1,0,0,0,1,0,0,-0.06156907799442335
6784685,MASCULINO,MURILLO,LA PAZ,FRANZ TAMAYO,FISCAL,28,32,44,0,1,0,0,0,1,0,0,-1.0205436645839359
6784767,MASCULINO,MURILLO,LA PAZ,DON BOSCO EL PRADO TURNO MAAAANA,CONVENIO,36,32,44,0,1,0,0,1,0,0,0,0.07542729151836416
6784796,FEMENINO,MURILLO,LA PAZ,JUAN CAPRILES,FISCAL,40,32,44,1,0,0,0,0,1,0,0,0.6234127695695142
6785012,FEMENINO,MURILLO,LA PAZ,WALTER ALPIRE DURAN,FISCAL,37,32,44,1,0,0,0,0,1,0,0,0.21242366103115168
6785072,MASCULINO,MURILLO,LA PAZ,COL. NAL. MIXTO COMANCHE,FISCAL,40,32,44,0,1,0,0,0,1,0,0,0.6234127695695142
6785073,MASCULINO,INGAVI,VIACHA,JOSE BALLIVIAN,FISCAL,36,22,78,0,1,0,0,0,1,0,0,0.07542729151836416
6785338,MASCULINO,MURILLO,LA PAZ,CEA DANIEL SANCHEZ BUSTAMANTE,FISCAL,39,32,44,0,1,0,0,0,1,0,0,0.4864164000567267
6785445,MASCULINO,AROMA,LA PAZ,MIGUEL GRAU,FISCAL,41,6,44,0,1,0,0,0,1,0,0,0.7604091390823018
6785455,MASCULINO,MURILLO,LA PAZ,INSTITUTO AMERICANO,FISCAL,35,32,44,0,1,0,0,0,1,0,0,-0.06156907799442335
6785654,FEMENINO,MURILLO,LA PAZ,SAN CALIXTO,FISCAL,52,32,44,1,0,0,0,0,1,0,0,2.2673692037229642
6785713,MASCULINO,MURILLO,LA PAZ,MARCELO QUIROGA SAMTA CRUZ,FISCAL,42,32,44,0,1,0,0,0,1,0,0,0.8974055085950893
6785743,MASCULINO,MURILLO,LA PAZ,UNIDAD EDUCATIVA HUGO DAVILA,FISCAL,37,32,44,0,1,0,0,0,1,0,0,0.21242366103115168
6785786,MASCULINO,OMASUYOS,LA PAZ,COL.NAL.MIXTO HACIA EL MAR,FISCAL,39,35,44,0,1,0,0,0,1,0,0,0.4864164000567267
6786423,MASCULINO,OMASUYOS,ACHACACHI,COL. MARISCAL ANDRES DE SANTA CRUZ,FISCAL,36,35,0,0,1,0,0,0,1,0,0,0.07542729151836416
6786876,FEMENINO,MURILLO,LA PAZ,AVE MARIA,PRIVADA,35,32,44,1,0,0,0,0,0,0,1,-0.06156907799442335
6786891,FEMENINO,MURILLO,LA PAZ,DAMIAN DE VEUSTER,FISCAL,35,32,44,1,0,0,0,0,1,0,0,-0.06156907799442335
6786926,FEMENINO,MURILLO,LA PAZ,SAN CALIXTO,FISCAL,16,32,44,1,0,0,0,0,1,0,0,-2.664500098737386
6787370,MASCULINO,MURILLO,LA PAZ,YUGOSLAVIA B,FISCAL,34,32,44,0,1,0,0,0,1,0,0,-0.19856544750721086
6787568,NO RESPONDE,MURILLO,LA PAZ,SAN CALIXTO,FISCAL,52,32,44,0,0,1,0,0,1,0,0,2.2673692037229642
6787614,MASCULINO,MURILLO,LA PAZ,UNIDAD EDUCATIVA MIXTO TOPATER,FISCAL,38,32,44,0,1,0,0,0,1,0,0,0.3494200305439392
6787765,FEMENINO,MURILLO,LA PAZ,CEMA DON BOSCO,FISCAL,38,32,44,1,0,0,0,0,1,0,0,0.3494200305439392
6787818,MASCULINO,MURILLO,LA PAZ,HUGO DAVILA,FISCAL,33,32,44,0,1,0,0,0,1,0,0,-0.3355618170199984
6787854,MASCULINO,MURILLO,LA PAZ,AYACUCHO,FISCAL,39,32,44,0,1,0,0,0,1,0,0,0.4864164000567267
6787899,MASCULINO,MURILLO,LA PAZ,LA SALLE,CONVENIO,39,32,44,0,1,0,0,1,0,0,0,0.4864164000567267
6787944,NO RESPONDE,MURILLO,LA PAZ,SAN CALIXTO,FISCAL,52,32,44,0,0,1,0,0,1,0,0,2.2673692037229642
6788015,MASCULINO,MURILLO,LA PAZ,DON BOSCO,CONVENIO,33,32,44,0,1,0,0,1,0,0,0,-0.3355618170199984
6788309,MASCULINO,NOR YUNGAS,CORIPATA,COL.,FISCAL,38,34,27,0,1,0,0,0,1,0,0,0.3494200305439392
6788447,MASCULINO,MURILLO,LA PAZ,PANTALEON DALENCE,PRIVADA,34,32,44,0,1,0,0,0,0,0,1,-0.19856544750721086
6788864,MASCULINO,MURILLO,EL ALTO,UNIDADAD EDUCATIVA LA PAZ,FISCAL,39,32,32,0,1,0,0,0,1,0,0,0.4864164000567267
6788903,MASCULINO,MURILLO,LA PAZ,CENTRO EDUCATIVO PARTICULAR BOLIVIA,FISCAL,42,32,44,0,1,0,0,0,1,0,0,0.8974055085950893
6788986,MASCULINO,MURILLO,LA PAZ,GERMAN BUSCH,FISCAL,31,32,44,0,1,0,0,0,1,0,0,-0.6095545560455734
6789044,MASCULINO,MURILLO,LA PAZ,CENTRO INTEGRADO COLORADOS DE BOLIVIA,FISCAL,38,32,44,0,1,0,0,0,1,0,0,0.3494200305439392
6789388,MASCULINO,MURILLO,LA PAZ,ALFREDO VARGAS,FISCAL,35,32,44,0,1,0,0,0,1,0,0,-0.06156907799442335
6789452,MASCULINO,FRANZ TAMAYO,LA PAZ,VENEZUELA A,FISCAL,33,17,44,0,1,0,0,0,1,0,0,-0.3355618170199984
6789541,MASCULINO,MURILLO,EL ALTO,PEDRO DOMINGO MURILLLO,PRIVADA,39,32,32,0,1,0,0,0,0,0,1,0.4864164000567267
6789834,MASCULINO,MURILLO,LA PAZ,ENRIQUE LINNDEMAN,FISCAL,37,32,44,0,1,0,0,0,1,0,0,0.21242366103115168
6790035,FEMENINO,VACA DIEZ,GUAYARAMERIN,AVE MARIA,CONVENIO,28,51,35,1,0,0,0,1,0,0,0,-1.0205436645839359
6790205,MASCULINO,MURILLO,LA PAZ,RDO.P. WALTER STRUB,FISCAL,38,32,44,0,1,0,0,0,1,0,0,0.3494200305439392
6790441,MASCULINO,SUD YUNGAS,IRUPANA,SAN JAVIER,FISCAL,38,47,39,0,1,0,0,0,1,0,0,0.3494200305439392
6790704,MASCULINO,MURILLO,LA PAZ,TRES PASOS AL FRENTE,CEMA,31,32,44,0,1,0,1,0,0,0,0,-0.6095545560455734
6791265,MASCULINO,MURILLO,LA PAZ,COLEGIO ABRAHAM REYES DE FE Y ALEGRIA,FISCAL,37,32,44,0,1,0,0,0,1,0,0,0.21242366103115168
6791524,FEMENINO,MURILLO,LA PAZ,SAN LUIS,FISCAL,33,32,44,1,0,0,0,0,1,0,0,-0.3355618170199984
6792393,FEMENINO,MURILLO,LA PAZ,ESCUELA INDUSTRIAL SUPERIOR PEDRO DOMINGO MURILLO,FISCAL,32,32,44,1,0,0,0,0,1,0,0,-0.4725581865327859
6792628,FEMENINO,MURILLO,LA PAZ,BAUTISTA CANADIENSE,PRIVADA,30,32,44,1,0,0,0,0,0,0,1,-0.7465509255583609
6792695,MASCULINO,MURILLO,LA PAZ,SAN JUDAS TADEO,PRIVADA,29,32,44,0,1,0,0,0,0,0,1,-0.8835472950711485
6793280,MASCULINO,MURILLO,LA PAZ,UNIDAD EDUCATIVA SAN ANDRES,CONVENIO,29,32,44,0,1,0,0,1,0,0,0,-0.8835472950711485
6793466,NO RESPONDE,MURILLO,LA PAZ,SAN CALIXTO,FISCAL,16,32,44,0,0,1,0,0,1,0,0,-2.664500098737386
6793501,MASCULINO,MURILLO,LA PAZ,SAN CALIXTO,FISCAL,39,32,44,0,1,0,0,0,1,0,0,0.4864164000567267
6793531,FEMENINO,MURILLO,LA PAZ,LUIS ESPINAL CAMPS,FISCAL,35,32,44,1,0,0,0,0,1,0,0,-0.06156907799442335
6793600,MASCULINO,MURILLO,LA PAZ,SIMON BOLIVAR,FISCAL,40,32,44,0,1,0,0,0,1,0,0,0.6234127695695142
6794142,MASCULINO,MURILLO,LA PAZ,DON BOSCO PAMPAHASI,CONVENIO,30,32,44,0,1,0,0,1,0,0,0,-0.7465509255583609
6794454,MASCULINO,MURILLO,LA PAZ,ANTONIO DIAZ VILLAMIL,FISCAL,43,32,44,0,1,0,0,0,1,0,0,1.0344018781078768
6794585,MASCULINO,MURILLO,LA PAZ,DOMINGO FAUSTINO,FISCAL,30,32,44,0,1,0,0,0,1,0,0,-0.7465509255583609
6795004,MASCULINO,MURILLO,LA PAZ,HEROES DEL PACIFICO,FISCAL,37,32,44,0,1,0,0,0,1,0,0,0.21242366103115168
6795007,MASCULINO,MURILLO,LA PAZ,HEROES DEL PACIFICO,FISCAL,35,32,44,0,1,0,0,0,1,0,0,-0.06156907799442335
6795461,MASCULINO,MURILLO,LA PAZ,INSTITUTO DOMINGO SAVIO,PRIVADA,39,32,44,0,1,0,0,0,0,0,1,0.4864164000567267
6795905,FEMENINO,MURILLO,LA PAZ,ALFREDO VARGAS,FISCAL,36,32,44,1,0,0,0,0,1,0,0,0.07542729151836416
6796369,MASCULINO,MURILLO,LA PAZ,SAGRADOS CORAZONES B,CEMA,31,32,44,0,1,0,1,0,0,0,0,-0.6095545560455734
6796382,FEMENINO,MURILLO,LA PAZ,LICEO LA PAZ,FISCAL,35,32,44,1,0,0,0,0,1,0,0,-0.06156907799442335
6796408,MASCULINO,MURILLO,LA PAZ,DON BOSCO DE PAMPAHASI,CONVENIO,30,32,44,0,1,0,0,1,0,0,0,-0.7465509255583609
6796559,MASCULINO,MURILLO,LA PAZ,DON BOSCO,CONVENIO,23,32,44,0,1,0,0,1,0,0,0,-1.7055255121478736
6796669,MASCULINO,MURILLO,LA PAZ,DON BOSCO,FISCAL,39,32,44,0,1,0,0,0,1,0,0,0.4864164000567267
6797450,FEMENINO,MURILLO,EL ALTO,PRIMERO DE MAYO,FISCAL,32,32,32,1,0,0,0,0,1,0,0,-0.4725581865327859
6798563,MASCULINO,OMASUYOS,EL ALTO,6 DE MARZO,FISCAL,35,35,32,0,1,0,0,0,1,0,0,-0.06156907799442335
6798566,MASCULINO,OMASUYOS,LA PAZ,FRANZ TAMAYO,CEMA,37,35,44,0,1,0,1,0,0,0,0,0.21242366103115168
6798714,MASCULINO,AROMA,LA PAZ,REPUBLICA DE ITALIA,FISCAL,40,6,44,0,1,0,0,0,1,0,0,0.6234127695695142
6798723,MASCULINO,MURILLO,LA PAZ,SAN CALIXTO,FISCAL,39,32,44,0,1,0,0,0,1,0,0,0.4864164000567267
6798823,MASCULINO,OTRO,OTRO,U.E. NATALIA PALACIOS,FISCAL,28,38,51,0,1,0,0,0,1,0,0,-1.0205436645839359
6798916,MASCULINO,MURILLO,LA PAZ,CEA MIRAFLORES,FISCAL,32,32,44,0,1,0,0,0,1,0,0,-0.4725581865327859
6799065,MASCULINO,MURILLO,LA PAZ,SAN CALIXTO,FISCAL,37,32,44,0,1,0,0,0,1,0,0,0.21242366103115168
6799398,MASCULINO,MURILLO,LA PAZ,COMUNIDAD EDUCATIVA MARIEN GARTEN,FISCAL,38,32,44,0,1,0,0,0,1,0,0,0.3494200305439392
6799655,MASCULINO,MURILLO,LA PAZ,MAX VALDIVIA E.P.D.B,CONVENIO,31,32,44,0,1,0,0,1,0,0,0,-0.6095545560455734
6800124,MASCULINO,MURILLO,EL ALTO,SIMON BOLIVAR,FISCAL,37,32,32,0,1,0,0,0,1,0,0,0.21242366103115168
6800189,FEMENINO,MURILLO,LA PAZ,SAN CALIXTO,FISCAL,35,32,44,1,0,0,0,0,1,0,0,-0.06156907799442335
6800356,MASCULINO,MURILLO,LA PAZ,SAN CALIXTO,FISCAL,37,32,44,0,1,0,0,0,1,0,0,0.21242366103115168
6800431,FEMENINO,OMASUYOS,LA PAZ,JOSE LUIS SUAREZ GUSMAN,FISCAL,36,35,44,1,0,0,0,0,1,0,0,0.07542729151836416
6800891,MASCULINO,MURILLO,LA PAZ,EMMA CANADAY,PRIVADA,38,32,44,0,1,0,0,0,0,0,1,0.3494200305439392
6800893,NO RESPONDE,MURILLO,LA PAZ,SAN CALIXTO,FISCAL,16,32,44,0,0,1,0,0,1,0,0,-2.664500098737386
6800941,MASCULINO,MURILLO,LA PAZ,ANTONIO DIAZ VILLAMIL,FISCAL,37,32,44,0,1,0,0,0,1,0,0,0.21242366103115168
6801000,MASCULINO,MURILLO,LA PAZ,UE,FISCAL,35,32,44,0,1,0,0,0,1,0,0,-0.06156907799442335
6801261,MASCULINO,MURILLO,LA PAZ,"GERMAN BUSCH ""B""",FISCAL,34,32,44,0,1,0,0,0,1,0,0,-0.19856544750721086
6801692,FEMENINO,MURILLO,LA PAZ,"VENEZUELA ""C""",FISCAL,37,32,44,1,0,0,0,0,1,0,0,0.21242366103115168
6801885,MASCULINO,MURILLO,LA PAZ,SAN FRANCISCO,PRIVADA,28,32,44,0,1,0,0,0,0,0,1,-1.0205436645839359
6801891,MASCULINO,MURILLO,LA PAZ,SAN JOSE,PRIVADA,37,32,44,0,1,0,0,0,0,0,1,0.21242366103115168
6801989,FEMENINO,MURILLO,LA PAZ,SAN CALIXTO,FISCAL,16,32,44,1,0,0,0,0,1,0,0,-2.664500098737386
6803561,FEMENINO,MURILLO,LA PAZ,INGLES CATOLICO,PRIVADA,31,32,44,1,0,0,0,0,0,0,1,-0.6095545560455734
6803565,MASCULINO,MURILLO,LA PAZ,SAN CALIXTO,FISCAL,16,32,44,0,1,0,0,0,1,0,0,-2.664500098737386
6803631,MASCULINO,MURILLO,LA PAZ,COLEGIO NACIONAL MIXTO DAVID PINILLA,FISCAL,38,32,44,0,1,0,0,0,1,0,0,0.3494200305439392
6803704,MASCULINO,MURILLO,LA PAZ,6 DE JUNIO,FISCAL,38,32,44,0,1,0,0,0,1,0,0,0.3494200305439392
6804271,FEMENINO,MURILLO,LA PAZ,SAN SIMON DE AYACUCHO,FISCAL,37,32,44,1,0,0,0,0,1,0,0,0.21242366103115168
6804282,MASCULINO,MURILLO,LA PAZ,6 DE JUNIO,FISCAL,31,32,44,0,1,0,0,0,1,0,0,-0.6095545560455734
6804315,MASCULINO,MURILLO,LA PAZ,AVE MARIA,PRIVADA,30,32,44,0,1,0,0,0,0,0,1,-0.7465509255583609
6804711,MASCULINO,MURILLO,LA PAZ,PUERTO DE MEJILLONES,FISCAL,34,32,44,0,1,0,0,0,1,0,0,-0.19856544750721086
6804721,NO RESPONDE,MURILLO,LA PAZ,SAN CALIXTO,FISCAL,52,32,44,0,0,1,0,0,1,0,0,2.2673692037229642
6805231,MASCULINO,MURILLO,LA PAZ,EUFRASIEUFRASIO IBANEZ RIVERO,FISCAL,37,32,44,0,1,0,0,0,1,0,0,0.21242366103115168
6805784,MASCULINO,MURILLO,EL ALTO,WALTER ALPIRE DURAN,FISCAL,39,32,32,0,1,0,0,0,1,0,0,0.4864164000567267
6805843,MASCULINO,MURILLO,EL ALTO,HEROES DEL PACAAFICO,FISCAL,39,32,32,0,1,0,0,0,1,0,0,0.4864164000567267
6805924,FEMENINO,MURILLO,LA PAZ,COSMOS 79,FISCAL,33,32,44,1,0,0,0,0,1,0,0,-0.3355618170199984
6806209,MASCULINO,MURILLO,LA PAZ,SAN SIMON DE AYACUCHO,FISCAL,41,32,44,0,1,0,0,0,1,0,0,0.7604091390823018
6806428,MASCULINO,MURILLO,LA PAZ,ANTONIO DIAZ VILLAMIL,FISCAL,32,32,44,0,1,0,0,0,1,0,0,-0.4725581865327859
6807468,MASCULINO,MURILLO,LA PAZ,FELIZ REYES ORTIZ,FISCAL,36,32,44,0,1,0,0,0,1,0,0,0.07542729151836416
6807495,MASCULINO,MURILLO,LA PAZ,ANTONIO DIAS VILLAMIL A,FISCAL,30,32,44,0,1,0,0,0,1,0,0,-0.7465509255583609
6807807,FEMENINO,MURILLO,LA PAZ,SAN CALIXTO,FISCAL,16,32,44,1,0,0,0,0,1,0,0,-2.664500098737386
6807933,FEMENINO,MURILLO,EL ALTO,UNIDAD EDUCATIVA CALAMA,FISCAL,39,32,32,1,0,0,0,0,1,0,0,0.4864164000567267
6808168,MASCULINO,MURILLO,LA PAZ,SIMON BOLIVAR,FISCAL,37,32,44,0,1,0,0,0,1,0,0,0.21242366103115168
6808267,FEMENINO,MURILLO,LA PAZ,SAN CALIXTO,FISCAL,16,32,44,1,0,0,0,0,1,0,0,-2.664500098737386
6808341,MASCULINO,MURILLO,LA PAZ,SAGRADOS CORAZONES,CONVENIO,36,32,44,0,1,0,0,1,0,0,0,0.07542729151836416
6808502,FEMENINO,OTRO,ORURO,U.E. 5 DE MAYO,FISCAL,34,38,50,1,0,0,0,0,1,0,0,-0.19856544750721086
6808745,MASCULINO,MURILLO,EL ALTO,ADOLFO KOLPING,PRIVADA,35,32,32,0,1,0,0,0,0,0,1,-0.06156907799442335
6809043,MASCULINO,MURILLO,LA PAZ,"UNIDAD EDUCATIVA GERMAN BUSCH ""B""",FISCAL,30,32,44,0,1,0,0,0,1,0,0,-0.7465509255583609
6809052,MASCULINO,MURILLO,LA PAZ,PRAAAANCIPE DE PAZ,PRIVADA,36,32,44,0,1,0,0,0,0,0,1,0.07542729151836416
6809135,NO RESPONDE,MURILLO,LA PAZ,LICEO VENEZUELA,FISCAL,31,32,44,0,0,1,0,0,1,0,0,-0.6095545560455734
6809996,MASCULINO,MURILLO,LA PAZ,LA SALLE,CONVENIO,32,32,44,0,1,0,0,1,0,0,0,-0.4725581865327859
6810267,FEMENINO,MURILLO,EL ALTO,BOLIVAR MUNICIPAL,CONVENIO,31,32,32,1,0,0,0,1,0,0,0,-0.6095545560455734
6810280,FEMENINO,MURILLO,LA PAZ,SAGRADOS CORAZONES,PRIVADA,37,32,44,1,0,0,0,0,0,0,1,0.21242366103115168
6810387,MASCULINO,FRANZ TAMAYO,APOLO,SANTA BARBARA,FISCAL,36,17,6,0,1,0,0,0,1,0,0,0.07542729151836416
6811070,MASCULINO,MURILLO,LA PAZ,SANTA ANA,PRIVADA,29,32,44,0,1,0,0,0,0,0,1,-0.8835472950711485
6811080,MASCULINO,MURILLO,LA PAZ,BOLIVIANO NORUEGO,PRIVADA,37,32,44,0,1,0,0,0,0,0,1,0.21242366103115168
6811210,NO RESPONDE,MURILLO,LA PAZ,SAN CALIXTO,FISCAL,16,32,44,0,0,1,0,0,1,0,0,-2.664500098737386
6811661,MASCULINO,MURILLO,LA PAZ,JESUS DE NAZARETH,PRIVADA,33,32,44,0,1,0,0,0,0,0,1,-0.3355618170199984
6811835,MASCULINO,MURILLO,LA PAZ,MANUEL VICENTE BALLIVIAN,FISCAL,41,32,44,0,1,0,0,0,1,0,0,0.7604091390823018
6812028,MASCULINO,OTRO,ORURO,CLUB DE LEONES,PRIVADA,37,38,50,0,1,0,0,0,0,0,1,0.21242366103115168
6812337,MASCULINO,MURILLO,LA PAZ,VIDA NUEVA,PRIVADA,33,32,44,0,1,0,0,0,0,0,1,-0.3355618170199984
6813001,MASCULINO,MURILLO,LA PAZ,LA SALLE,CONVENIO,35,32,44,0,1,0,0,1,0,0,0,-0.06156907799442335
6813430,MASCULINO,MURILLO,LA PAZ,DON BOSCO,CONVENIO,31,32,44,0,1,0,0,1,0,0,0,-0.6095545560455734
6813515,MASCULINO,MURILLO,LA PAZ,NACIONAL,FISCAL,37,32,44,0,1,0,0,0,1,0,0,0.21242366103115168
6813634,MASCULINO,MURILLO,LA PAZ,LICRO MILITAR TTE. EDMUNDO ANDRADE,PRIVADA,33,32,44,0,1,0,0,0,0,0,1,-0.3355618170199984
6813688,MASCULINO,MURILLO,LA PAZ,SAN CALIXTO,FISCAL,37,32,44,0,1,0,0,0,1,0,0,0.21242366103115168
6813932,NO RESPONDE,MURILLO,LA PAZ,SAN CALIXTO,FISCAL,16,32,44,0,0,1,0,0,1,0,0,-2.664500098737386
6813947,MASCULINO,MURILLO,LA PAZ,ELISA DE BALLIVIAN,CONVENIO,34,32,44,0,1,0,0,1,0,0,0,-0.19856544750721086
6814290,MASCULINO,MURILLO,LA PAZ,ESTEBAN BERTOLUSSO,PRIVADA,34,32,44,0,1,0,0,0,0,0,1,-0.19856544750721086
6814353,FEMENINO,MURILLO,EL ALTO,SAN LUIS DE GONZAGA,PRIVADA,28,32,32,1,0,0,0,0,0,0,1,-1.0205436645839359
6814502,MASCULINO,MURILLO,LA PAZ,DOMINGO SAVIO,CONVENIO,33,32,44,0,1,0,0,1,0,0,0,-0.3355618170199984
6814538,MASCULINO,MURILLO,LA PAZ,IV CENTENARIO,FISCAL,32,32,44,0,1,0,0,0,1,0,0,-0.4725581865327859
6814692,FEMENINO,MURILLO,LA PAZ,DON BOSCO,FISCAL,35,32,44,1,0,0,0,0,1,0,0,-0.06156907799442335
6814772,MASCULINO,MURILLO,LA PAZ,LA SALLE,FISCAL,35,32,44,0,1,0,0,0,1,0,0,-0.06156907799442335
6814784,FEMENINO,MURILLO,LA PAZ,REPAAOBLICA DE FRANCIA,FISCAL,36,32,44,1,0,0,0,0,1,0,0,0.07542729151836416
6815000,FEMENINO,MURILLO,LA PAZ,FRAY BERNARDINO DE CARDENAS,PRIVADA,34,32,44,1,0,0,0,0,0,0,1,-0.19856544750721086
6815056,MASCULINO,MURILLO,LA PAZ,GUALBERTO VILLARROEL,FISCAL,16,32,44,0,1,0,0,0,1,0,0,-2.664500098737386
6815087,MASCULINO,OMASUYOS,ANCORAIMES,ANCORAIMES,FISCAL,36,35,4,0,1,0,0,0,1,0,0,0.07542729151836416
6815172,FEMENINO,MURILLO,LA PAZ,LICEO LA PAZ,FISCAL,31,32,44,1,0,0,0,0,1,0,0,-0.6095545560455734
6815257,FEMENINO,MURILLO,EL ALTO,UNIDAD EDUCATIVA VILLA ALEMANIA,CONVENIO,35,32,32,1,0,0,0,1,0,0,0,-0.06156907799442335
6815305,MASCULINO,MURILLO,EL ALTO,UNIDAD EDUCATIVA NOCTURNO BRASILIA,FISCAL,37,32,32,0,1,0,0,0,1,0,0,0.21242366103115168
6815511,FEMENINO,MURILLO,LA PAZ,SAN CALIXTO,FISCAL,52,32,44,1,0,0,0,0,1,0,0,2.2673692037229642
6815614,FEMENINO,MURILLO,LA PAZ,SAINT GERMAIN,PRIVADA,37,32,44,1,0,0,0,0,0,0,1,0.21242366103115168
6815838,MASCULINO,MURILLO,EL ALTO,VILLA JULIANA,FISCAL,36,32,32,0,1,0,0,0,1,0,0,0.07542729151836416
6815847,MASCULINO,MURILLO,LA PAZ,U.E. AMERICANO OBRAJES,PRIVADA,32,32,44,0,1,0,0,0,0,0,1,-0.4725581865327859
6815896,MASCULINO,MURILLO,LA PAZ,MARIEN GARTEN,CONVENIO,35,32,44,0,1,0,0,1,0,0,0,-0.06156907799442335
6816001,MASCULINO,MURILLO,LA PAZ,DORA SCHMIDT,FISCAL,37,32,44,0,1,0,0,0,1,0,0,0.21242366103115168
6816189,MASCULINO,MURILLO,LA PAZ,SAN CALIXTO,FISCAL,52,32,44,0,1,0,0,0,1,0,0,2.2673692037229642
6816287,MASCULINO,MURILLO,LA PAZ,RENE ZAMMORA,FISCAL,37,32,44,0,1,0,0,0,1,0,0,0.21242366103115168
6816948,MASCULINO,MURILLO,LA PAZ,HORIZONTES,FISCAL,34,32,44,0,1,0,0,0,1,0,0,-0.19856544750721086
6817013,MASCULINO,OTRO,TARIJA,CNL. ROBERTO PABON,FISCAL,31,38,73,0,1,0,0,0,1,0,0,-0.6095545560455734
6817083,MASCULINO,MURILLO,LA PAZ,JESUS OBRERO FE Y ALEGRIA,CONVENIO,37,32,44,0,1,0,0,1,0,0,0,0.21242366103115168
6817144,MASCULINO,MURILLO,LA PAZ,JESUS OBRERO,FISCAL,36,32,44,0,1,0,0,0,1,0,0,0.07542729151836416
6817691,MASCULINO,MURILLO,LA PAZ,EMMA CANADAY,PRIVADA,39,32,44,0,1,0,0,0,0,0,1,0.4864164000567267
6818216,FEMENINO,MURILLO,LA PAZ,INSTITUTO AMERICANO,PRIVADA,33,32,44,1,0,0,0,0,0,0,1,-0.3355618170199984
6819614,MASCULINO,MURILLO,LA PAZ,BERTOLUSSO,PRIVADA,38,32,44,0,1,0,0,0,0,0,1,0.3494200305439392
6820040,MASCULINO,MURILLO,LA PAZ,COLEGIO NACIONAL MIXTO HUATAJATA,FISCAL,34,32,44,0,1,0,0,0,1,0,0,-0.19856544750721086
6820960,MASCULINO,MURILLO,LA PAZ,C.E.A VIACHA,FISCAL,36,32,44,0,1,0,0,0,1,0,0,0.07542729151836416
6821354,FEMENINO,MURILLO,LA PAZ,SANTA ROSA,FISCAL,39,32,44,1,0,0,0,0,1,0,0,0.4864164000567267
6821583,MASCULINO,MURILLO,LA PAZ,SAN CALIXTO,FISCAL,33,32,44,0,1,0,0,0,1,0,0,-0.3355618170199984
6821706,MASCULINO,MURILLO,LA PAZ,DON BOSCO,PRIVADA,36,32,44,0,1,0,0,0,0,0,1,0.07542729151836416
6822171,FEMENINO,MURILLO,LA PAZ,UNIDAD EDUCATIVA VIDA Y VERDAD,PRIVADA,35,32,44,1,0,0,0,0,0,0,1,-0.06156907799442335
6822668,MASCULINO,MURILLO,LA PAZ,"GERMAN BUSCH ""A""",FISCAL,32,32,44,0,1,0,0,0,1,0,0,-0.4725581865327859
6822713,FEMENINO,MURILLO,LA PAZ,INSTITUTO AMERICANO,CONVENIO,31,32,44,1,0,0,0,1,0,0,0,-0.6095545560455734
6823942,MASCULINO,MURILLO,LA PAZ,VILLA EL CARMEN,FISCAL,38,32,44,0,1,0,0,0,1,0,0,0.3494200305439392
6823974,MASCULINO,ANTONIO QUIJARRO,UYUNI,INST. TEC. PUERTO DE MEJILLLONES,FISCAL,37,4,77,0,1,0,0,0,1,0,0,0.21242366103115168
6824119,NO RESPONDE,MURILLO,LA PAZ,SAN CALIXTO,FISCAL,16,32,44,0,0,1,0,0,1,0,0,-2.664500098737386
6824833,MASCULINO,MURILLO,LA PAZ,SAN CALIXTO,FISCAL,16,32,44,0,1,0,0,0,1,0,0,-2.664500098737386
6824975,MASCULINO,MURILLO,EL ALTO,HEROES DEL PACIFICO,FISCAL,38,32,32,0,1,0,0,0,1,0,0,0.3494200305439392
6825000,FEMENINO,MURILLO,LA PAZ,VIDA NUEVA,CONVENIO,29,32,44,1,0,0,0,1,0,0,0,-0.8835472950711485
6825364,MASCULINO,MURILLO,LA PAZ,AVE MARIA,PRIVADA,35,32,44,0,1,0,0,0,0,0,1,-0.06156907799442335
6825943,MASCULINO,MURILLO,LA PAZ,BOLIVIANO ALEMAN,PRIVADA,36,32,44,0,1,0,0,0,0,0,1,0.07542729151836416
6826348,MASCULINO,CARANAVI,CARANAVI,GUERRILEROS LANZA,CONVENIO,38,11,15,0,1,0,0,1,0,0,0,0.3494200305439392
6826383,MASCULINO,MURILLO,LA PAZ,SAN CALIXTO,FISCAL,16,32,44,0,1,0,0,0,1,0,0,-2.664500098737386
6826411,MASCULINO,MURILLO,LA PAZ,NUESTRA SENORA DE LA PAZ II,FISCAL,32,32,44,0,1,0,0,0,1,0,0,-0.4725581865327859
6826481,MASCULINO,MURILLO,LA PAZ,MARISCAL ANDRES DE SANTA CRUZ,FISCAL,37,32,44,0,1,0,0,0,1,0,0,0.21242366103115168
6826493,MASCULINO,MURILLO,LA PAZ,MARCELO QUIROGA SANTA CRUZ,FISCAL,38,32,44,0,1,0,0,0,1,0,0,0.3494200305439392
6826620,FEMENINO,MURILLO,LA PAZ,ESCUELA INDUSTRIAL SUPERIOR PEDRO DOMINGO MURILLO,PRIVADA,36,32,44,1,0,0,0,0,0,0,1,0.07542729151836416
6826703,MASCULINO,LOAYZA,LA PAZ,CLUD DE LEONES MIRAFLORES NUESTRA SENORA DE FATIMA,PRIVADA,36,27,44,0,1,0,0,0,0,0,1,0.07542729151836416
6826805,FEMENINO,MURILLO,LA PAZ,SAN PEDRO POVEDA,CONVENIO,36,32,44,1,0,0,0,1,0,0,0,0.07542729151836416
6826999,FEMENINO,MURILLO,LA PAZ,PATER NOSTER,PRIVADA,33,32,44,1,0,0,0,0,0,0,1,-0.3355618170199984
6827039,MASCULINO,MURILLO,EL ALTO,URBANO,FISCAL,39,32,32,0,1,0,0,0,1,0,0,0.4864164000567267
6827333,MASCULINO,MURILLO,EL ALTO,ILLIMANI,FISCAL,39,32,32,0,1,0,0,0,1,0,0,0.4864164000567267
6827357,MASCULINO,MURILLO,LA PAZ,SAN PEDRO POVEDA,FISCAL,35,32,44,0,1,0,0,0,1,0,0,-0.06156907799442335
6827399,MASCULINO,INGAVI,LA PAZ,NEPTAL VIRIS,FISCAL,37,22,44,0,1,0,0,0,1,0,0,0.21242366103115168
6827630,FEMENINO,MURILLO,LA PAZ,MANUEL VICENTE BALLIVIAN,FISCAL,40,32,44,1,0,0,0,0,1,0,0,0.6234127695695142
6827941,MASCULINO,MURILLO,LA PAZ,CLAUDIO SANJINES,FISCAL,31,32,44,0,1,0,0,0,1,0,0,-0.6095545560455734
6827957,FEMENINO,MURILLO,LA PAZ,REVERENDO PADRE WALTER STRUB,FISCAL,36,32,44,1,0,0,0,0,1,0,0,0.07542729151836416
6828110,MASCULINO,MURILLO,LA PAZ,DR.MARTIN CARDENAS,FISCAL,37,32,44,0,1,0,0,0,1,0,0,0.21242366103115168
6828149,NO RESPONDE,MURILLO,LA PAZ,FRANZ TAMAYO,FISCAL,37,32,44,0,0,1,0,0,1,0,0,0.21242366103115168
6828647,MASCULINO,MURILLO,LA PAZ,NUESTRA SRA. DE FATIMA,PRIVADA,37,32,44,0,1,0,0,0,0,0,1,0.21242366103115168
6828783,MASCULINO,MURILLO,LA PAZ,SAN CALIXTO,FISCAL,16,32,44,0,1,0,0,0,1,0,0,-2.664500098737386
6828819,MASCULINO,MURILLO,LA PAZ,FRAY BERNARDINO DE CARDENAS,PRIVADA,37,32,44,0,1,0,0,0,0,0,1,0.21242366103115168
6829133,MASCULINO,MURILLO,LA PAZ,SAN CALIXTO,FISCAL,52,32,44,0,1,0,0,0,1,0,0,2.2673692037229642
6830007,FEMENINO,MURILLO,LA PAZ,INSTITUTO AMERICANO,CONVENIO,35,32,44,1,0,0,0,1,0,0,0,-0.06156907799442335
6830015,MASCULINO,MURILLO,LA PAZ,SAN CALIXTO,FISCAL,39,32,44,0,1,0,0,0,1,0,0,0.4864164000567267
6830018,MASCULINO,MURILLO,LA PAZ,INSTITUTO AMERICANO,CONVENIO,29,32,44,0,1,0,0,1,0,0,0,-0.8835472950711485
6830287,MASCULINO,MURILLO,LA PAZ,COMUNIDAD EDUCATIVA MARIEN GARTEN,CONVENIO,34,32,44,0,1,0,0,1,0,0,0,-0.19856544750721086
6830871,MASCULINO,MURILLO,LA PAZ,HEROES DEL PACIFICO,FISCAL,29,32,44,0,1,0,0,0,1,0,0,-0.8835472950711485
6831069,MASCULINO,MURILLO,EL ALTO,SAN JUAN,FISCAL,37,32,32,0,1,0,0,0,1,0,0,0.21242366103115168
6831121,NO RESPONDE,MURILLO,LA PAZ,SAN CALIXTO,FISCAL,52,32,44,0,0,1,0,0,1,0,0,2.2673692037229642
6831548,MASCULINO,MURILLO,LA PAZ,SAN CALIXTO,FISCAL,16,32,44,0,1,0,0,0,1,0,0,-2.664500098737386
6831593,FEMENINO,MURILLO,LA PAZ,SAN CALIXTO,FISCAL,34,32,44,1,0,0,0,0,1,0,0,-0.19856544750721086
6831916,MASCULINO,MURILLO,LA PAZ,DON BOSCO,PRIVADA,29,32,44,0,1,0,0,0,0,0,1,-0.8835472950711485
6832499,MASCULINO,MURILLO,LA PAZ,U.E.25 DE JULIO,FISCAL,32,32,44,0,1,0,0,0,1,0,0,-0.4725581865327859
6832507,MASCULINO,MURILLO,LA PAZ,MARIA IMACULADA,PRIVADA,36,32,44,0,1,0,0,0,0,0,1,0.07542729151836416
6832648,MASCULINO,MURILLO,LA PAZ,"DON BOSCO ""EL PRADO""",CONVENIO,28,32,44,0,1,0,0,1,0,0,0,-1.0205436645839359
6832682,MASCULINO,MURILLO,LA PAZ,MARISCAL ANDRES DE SANTA CRUZ,FISCAL,34,32,44,0,1,0,0,0,1,0,0,-0.19856544750721086
6832785,MASCULINO,MURILLO,LA PAZ,ANGLO AMERICANO,PRIVADA,32,32,44,0,1,0,0,0,0,0,1,-0.4725581865327859
6832935,MASCULINO,MURILLO,LA PAZ,SIMON BOLIVAR,FISCAL,32,32,44,0,1,0,0,0,1,0,0,-0.4725581865327859
6832955,MASCULINO,MURILLO,LA PAZ,MANUEL VICENTE BALLIVIAN,FISCAL,35,32,44,0,1,0,0,0,1,0,0,-0.06156907799442335
6833109,MASCULINO,MURILLO,LA PAZ,DON BOSCO,PRIVADA,37,32,44,0,1,0,0,0,0,0,1,0.21242366103115168
6833240,MASCULINO,MURILLO,LA PAZ,SAN ANTONIO,PRIVADA,37,32,44,0,1,0,0,0,0,0,1,0.21242366103115168
6834203,MASCULINO,MURILLO,LA PAZ,CLAUDIO SAN JINEZ,FISCAL,35,32,44,0,1,0,0,0,1,0,0,-0.06156907799442335
6834465,MASCULINO,MURILLO,LA PAZ,SAN CALIXTO,FISCAL,31,32,44,0,1,0,0,0,1,0,0,-0.6095545560455734
6834520,FEMENINO,INGAVI,VIACHA,JOSE BALLIVIAN,FISCAL,35,22,78,1,0,0,0,0,1,0,0,-0.06156907799442335
6834537,FEMENINO,MURILLO,LA PAZ,MARIA AUXILIADORA,PRIVADA,33,32,44,1,0,0,0,0,0,0,1,-0.3355618170199984
6835128,MASCULINO,MURILLO,LA PAZ,FRANZ TAMAYO,FISCAL,38,32,44,0,1,0,0,0,1,0,0,0.3494200305439392
6835250,NO RESPONDE,MURILLO,LA PAZ,I.A.L.A.,PRIVADA,34,32,44,0,0,1,0,0,0,0,1,-0.19856544750721086
6835411,FEMENINO,MURILLO,LA PAZ,DON BOSCO CENTRAL,PRIVADA,34,32,44,1,0,0,0,0,0,0,1,-0.19856544750721086
6835428,FEMENINO,MURILLO,LA PAZ,MARIA AUXILIADORA,PRIVADA,32,32,44,1,0,0,0,0,0,0,1,-0.4725581865327859
6835533,MASCULINO,MURILLO,LA PAZ,CENTRO EDUCATIVO,PRIVADA,37,32,44,0,1,0,0,0,0,0,1,0.21242366103115168
6835848,MASCULINO,MURILLO,LA PAZ,SAN CALIXTO,FISCAL,16,32,44,0,1,0,0,0,1,0,0,-2.664500098737386
6835967,FEMENINO,MURILLO,LA PAZ,"""HN""O. PACIFICO FELETTI",FISCAL,30,32,44,1,0,0,0,0,1,0,0,-0.7465509255583609
6836122,FEMENINO,MURILLO,LA PAZ,INSTITUTO AMERICANO,PRIVADA,34,32,44,1,0,0,0,0,0,0,1,-0.19856544750721086
6836631,FEMENINO,INGAVI,LA PAZ,U.E. JOSE CARRASCO,FISCAL,39,22,44,1,0,0,0,0,1,0,0,0.4864164000567267
6836780,MASCULINO,MURILLO,LA PAZ,SAN FRANCISCO T.O.,PRIVADA,29,32,44,0,1,0,0,0,0,0,1,-0.8835472950711485
6836794,MASCULINO,MURILLO,LA PAZ,BOLIVIA,FISCAL,37,32,44,0,1,0,0,0,1,0,0,0.21242366103115168
6837251,FEMENINO,MURILLO,LA PAZ,HUGO DAVILA A,FISCAL,32,32,44,1,0,0,0,0,1,0,0,-0.4725581865327859
6837319,MASCULINO,MURILLO,LA PAZ,INSTITUTO DOMINGO SAVIO,PRIVADA,29,32,44,0,1,0,0,0,0,0,1,-0.8835472950711485
6837441,MASCULINO,MURILLO,LA PAZ,HOLANDES,FISCAL,33,32,44,0,1,0,0,0,1,0,0,-0.3355618170199984
6837690,FEMENINO,MURILLO,LA PAZ,SAN CALIXTO,FISCAL,16,32,44,1,0,0,0,0,1,0,0,-2.664500098737386
6837846,MASCULINO,MURILLO,LA PAZ,RICARDO JOSE BUSTAMANTE,FISCAL,34,32,44,0,1,0,0,0,1,0,0,-0.19856544750721086
6837850,FEMENINO,MURILLO,LA PAZ,AVE MARIA,PRIVADA,34,32,44,1,0,0,0,0,0,0,1,-0.19856544750721086
6837928,FEMENINO,MURILLO,LA PAZ,INSTITUTO TAACNICO AYACUCHO,FISCAL,38,32,44,1,0,0,0,0,1,0,0,0.3494200305439392
6838003,FEMENINO,MURILLO,LA PAZ,SAN FRAMCISCO DE TOF,OTRO,31,32,44,1,0,0,0,0,0,1,0,-0.6095545560455734
6838031,MASCULINO,MURILLO,EL ALTO,PUERTO DE ROSARIO,FISCAL,34,32,32,0,1,0,0,0,1,0,0,-0.19856544750721086
6838081,MASCULINO,MURILLO,LA PAZ,ADRIAN CASTILLO NAVA,FISCAL,33,32,44,0,1,0,0,0,1,0,0,-0.3355618170199984
6838249,FEMENINO,MURILLO,LA PAZ,AVE MARIA,PRIVADA,33,32,44,1,0,0,0,0,0,0,1,-0.3355618170199984
6838314,MASCULINO,MURILLO,LA PAZ,JERUSALEM,PRIVADA,32,32,44,0,1,0,0,0,0,0,1,-0.4725581865327859
6838612,MASCULINO,MURILLO,EL ALTO,EUFRASIEUFRASIO IBANEZ RIVERO,FISCAL,32,32,32,0,1,0,0,0,1,0,0,-0.4725581865327859
6838626,FEMENINO,MURILLO,LA PAZ,LICEO LA PAZ,FISCAL,38,32,44,1,0,0,0,0,1,0,0,0.3494200305439392
6838737,MASCULINO,MURILLO,LA PAZ,YUGOSLAVIA B,FISCAL,35,32,44,0,1,0,0,0,1,0,0,-0.06156907799442335
6838764,FEMENINO,MURILLO,LA PAZ,DORA SCHMIDT,FISCAL,30,32,44,1,0,0,0,0,1,0,0,-0.7465509255583609
6838860,MASCULINO,MURILLO,LA PAZ,SAN CALIXTO,FISCAL,52,32,44,0,1,0,0,0,1,0,0,2.2673692037229642
6839033,MASCULINO,MURILLO,LA PAZ,DOMINGO SAVIO,CONVENIO,32,32,44,0,1,0,0,1,0,0,0,-0.4725581865327859
6839077,FEMENINO,MURILLO,LA PAZ,LA SALLE,PRIVADA,30,32,44,1,0,0,0,0,0,0,1,-0.7465509255583609
6840020,MASCULINO,INQUISIVI,INQUISIVI,UNIDAD EDUCATIVA LAS DELICIAS,FISCAL,38,23,38,0,1,0,0,0,1,0,0,0.3494200305439392
6840406,FEMENINO,MURILLO,LA PAZ,VIRGEN DE COPACABANA,PRIVADA,30,32,44,1,0,0,0,0,0,0,1,-0.7465509255583609
6840864,FEMENINO,MURILLO,LA PAZ,U.E. MANUEL VICENTE BALLIVIAN,FISCAL,37,32,44,1,0,0,0,0,1,0,0,0.21242366103115168
6841520,MASCULINO,MURILLO,LA PAZ,DON BOSCO,CEMA,37,32,44,0,1,0,1,0,0,0,0,0.21242366103115168
6841608,FEMENINO,MURILLO,LA PAZ,CEA DANIEL SANCHEZ BUSTAMANTE,FISCAL,36,32,44,1,0,0,0,0,1,0,0,0.07542729151836416
6841637,MASCULINO,MURILLO,LA PAZ,SAN JOSE,PRIVADA,38,32,44,0,1,0,0,0,0,0,1,0.3494200305439392
6842156,MASCULINO,MURILLO,LA PAZ,INSTITUTO AMERICANO,PRIVADA,33,32,44,0,1,0,0,0,0,0,1,-0.3355618170199984
6842162,FEMENINO,MURILLO,LA PAZ,LICEO LA PAZ,FISCAL,37,32,44,1,0,0,0,0,1,0,0,0.21242366103115168
6842179,MASCULINO,MURILLO,LA PAZ,ESCUELA INDUSTRIAL SUPERIOR,FISCAL,34,32,44,0,1,0,0,0,1,0,0,-0.19856544750721086
6842223,MASCULINO,MURILLO,LA PAZ,NO SE SABE,FISCAL,34,32,44,0,1,0,0,0,1,0,0,-0.19856544750721086
6842626,FEMENINO,MURILLO,LA PAZ,SAN CALIXTO,PRIVADA,31,32,44,1,0,0,0,0,0,0,1,-0.6095545560455734
6842648,MASCULINO,MURILLO,LA PAZ,SAGRADA FAMILIA,CONVENIO,39,32,44,0,1,0,0,1,0,0,0,0.4864164000567267
6842803,MASCULINO,MURILLO,LA PAZ,KARL ALEXANDER,PRIVADA,38,32,44,0,1,0,0,0,0,0,1,0.3494200305439392
6843067,FEMENINO,INQUISIVI,COLQUIRI,JUAN PABLO II,FISCAL,39,23,24,1,0,0,0,0,1,0,0,0.4864164000567267
6843398,MASCULINO,OMASUYOS,LA PAZ,JUAN CARLOS FLORES BEDREGAL,FISCAL,38,35,44,0,1,0,0,0,1,0,0,0.3494200305439392
6843536,MASCULINO,MURILLO,LA PAZ,JESUS OBRERO,FISCAL,38,32,44,0,1,0,0,0,1,0,0,0.3494200305439392
6843538,FEMENINO,SUD YUNGAS,LA PAZ,MIGUEL MERCADO ENSINAS,FISCAL,39,47,44,1,0,0,0,0,1,0,0,0.4864164000567267
6843687,FEMENINO,INGAVI,LA PAZ,BETHEL,FISCAL,38,22,44,1,0,0,0,0,1,0,0,0.3494200305439392
6843899,MASCULINO,MURILLO,LA PAZ,SAN CALIXTO,FISCAL,16,32,44,0,1,0,0,0,1,0,0,-2.664500098737386
6844027,NO RESPONDE,MURILLO,LA PAZ,UNIDAD EDUCATIVA HOLANDA,FISCAL,37,32,44,0,0,1,0,0,1,0,0,0.21242366103115168
6844110,MASCULINO,MURILLO,LA PAZ,SAN CALIXTO,FISCAL,52,32,44,0,1,0,0,0,1,0,0,2.2673692037229642
6844136,MASCULINO,MURILLO,LA PAZ,COL. NAL. ANTONIO DIAZ VILLAMIL,FISCAL,37,32,44,0,1,0,0,0,1,0,0,0.21242366103115168
6844191,MASCULINO,OTRO,ORURO,EDUARDO AVAROA,FISCAL,36,38,50,0,1,0,0,0,1,0,0,0.07542729151836416
6844234,MASCULINO,MURILLO,EL ALTO,WALTER ALPIRE DURAN,FISCAL,35,32,32,0,1,0,0,0,1,0,0,-0.06156907799442335
6844266,MASCULINO,MURILLO,LA PAZ,DON BOSCO DE PAMPAHASI,CONVENIO,30,32,44,0,1,0,0,1,0,0,0,-0.7465509255583609
6844276,MASCULINO,MURILLO,LA PAZ,U. E. AMOR DE DIOS,FISCAL,32,32,44,0,1,0,0,0,1,0,0,-0.4725581865327859
6844344,FEMENINO,MURILLO,LA PAZ,SANTIAGO PRIMERO,FISCAL,37,32,44,1,0,0,0,0,1,0,0,0.21242366103115168
6844443,MASCULINO,MURILLO,LA PAZ,VESPERTINO RENA ZAMORA,FISCAL,36,32,44,0,1,0,0,0,1,0,0,0.07542729151836416
6844461,MASCULINO,MURILLO,LA PAZ,INSTITUTO AMERICANO,PRIVADA,29,32,44,0,1,0,0,0,0,0,1,-0.8835472950711485
6844542,MASCULINO,MURILLO,LA PAZ,SAN CALIXTO,FISCAL,33,32,44,0,1,0,0,0,1,0,0,-0.3355618170199984
6844882,MASCULINO,MURILLO,LA PAZ,AVE MARIA,PRIVADA,34,32,44,0,1,0,0,0,0,0,1,-0.19856544750721086
6844914,MASCULINO,MURILLO,LA PAZ,U. E. ENRIQUE LINDEMANN-B,FISCAL,35,32,44,0,1,0,0,0,1,0,0,-0.06156907799442335
6844951,MASCULINO,MURILLO,LA PAZ,PUERTO DE MEJILLONES,FISCAL,32,32,44,0,1,0,0,0,1,0,0,-0.4725581865327859
6844953,FEMENINO,MURILLO,LA PAZ,COCEINF,PRIVADA,29,32,44,1,0,0,0,0,0,0,1,-0.8835472950711485
6845028,MASCULINO,MURILLO,LA PAZ,UNIDADAD EDUCATIVA LA PAZ,FISCAL,39,32,44,0,1,0,0,0,1,0,0,0.4864164000567267
6845389,FEMENINO,MURILLO,LA PAZ,ELISA DE BALLIVIAN (EPDB),CONVENIO,42,32,44,1,0,0,0,1,0,0,0,0.8974055085950893
6845534,MASCULINO,MURILLO,LA PAZ,SIMON BOLIVAR,FISCAL,35,32,44,0,1,0,0,0,1,0,0,-0.06156907799442335
6845625,MASCULINO,MURILLO,LA PAZ,FELIPE SEGUNDO GUZMAN,FISCAL,41,32,44,0,1,0,0,0,1,0,0,0.7604091390823018
6845666,MASCULINO,MURILLO,LA PAZ,SAN JAVIER DE FE Y ALEGRIA,FISCAL,36,32,44,0,1,0,0,0,1,0,0,0.07542729151836416
6845690,FEMENINO,MURILLO,LA PAZ,COCEINF,PRIVADA,35,32,44,1,0,0,0,0,0,0,1,-0.06156907799442335
6845791,FEMENINO,MURILLO,LA PAZ,RVDO.PADRE ESTEBAN BERTOLUSSO,PRIVADA,33,32,44,1,0,0,0,0,0,0,1,-0.3355618170199984
6845869,FEMENINO,MURILLO,LA PAZ,JUAN FEDERICO ZUAZO,FISCAL,38,32,44,1,0,0,0,0,1,0,0,0.3494200305439392
6845909,MASCULINO,MURILLO,LA PAZ,SAN JORGE I,PRIVADA,33,32,44,0,1,0,0,0,0,0,1,-0.3355618170199984
6846067,MASCULINO,MURILLO,LA PAZ,COLEGIO ANGELUS MARITAINE,PRIVADA,34,32,44,0,1,0,0,0,0,0,1,-0.19856544750721086
6846324,MASCULINO,MURILLO,LA PAZ,DOMINGO FAUSTINO SARMIENTO,FISCAL,39,32,44,0,1,0,0,0,1,0,0,0.4864164000567267
6846410,MASCULINO,MURILLO,LA PAZ,SIMON BOLIVAR,FISCAL,35,32,44,0,1,0,0,0,1,0,0,-0.06156907799442335
6846424,MASCULINO,MURILLO,LA PAZ,MAX VALDIVIA E.P.D.B.,CONVENIO,32,32,44,0,1,0,0,1,0,0,0,-0.4725581865327859
6846678,FEMENINO,MURILLO,LA PAZ,LICEO LA PAZ,FISCAL,29,32,44,1,0,0,0,0,1,0,0,-0.8835472950711485
6847098,FEMENINO,MURILLO,LA PAZ,MAYOR DE SAN GENARO,PRIVADA,32,32,44,1,0,0,0,0,0,0,1,-0.4725581865327859
6847107,FEMENINO,MURILLO,LA PAZ,UNIDAD EDUCATIVA VENEZUELA C,FISCAL,35,32,44,1,0,0,0,0,1,0,0,-0.06156907799442335
